"日期","收盘","开盘","高","低","涨跌幅"
"2021年1月15日","3.153","3.137","3.153","3.129","0.41%"
"2021年1月14日","3.140","3.172","3.172","3.133","0.22%"
"2021年1月13日","3.133","3.184","3.184","3.130","-1.04%"
"2021年1月12日","3.166","3.190","3.190","3.150","-0.22%"
"2021年1月11日","3.173","3.245","3.245","3.161","-0.84%"
"2021年1月8日","3.200","3.200","3.200","3.186","0.44%"
"2021年1月7日","3.186","3.224","3.224","3.170","0.03%"
"2021年1月6日","3.185","3.226","3.226","3.175","-0.56%"
"2021年1月5日","3.203","3.244","3.244","3.195","-0.47%"
"2021年1月4日","3.218","3.278","3.278","3.195","0.47%"
"2020年12月31日","3.203","3.192","3.207","3.174","0.34%"
"2020年12月30日","3.192","3.230","3.230","3.185","-0.41%"
"2020年12月29日","3.205","3.231","3.231","3.198","-0.25%"
"2020年12月28日","3.213","3.290","3.290","3.199","-0.83%"
"2020年12月25日","3.240","3.280","3.283","3.233","-0.58%"
"2020年12月24日","3.259","3.274","3.280","3.242","0.46%"
"2020年12月23日","3.244","3.282","3.282","3.244","-0.76%"
"2020年12月22日","3.269","3.308","3.308","3.249","-0.82%"
"2020年12月21日","3.296","3.396","3.396","3.290","-0.30%"
"2020年12月18日","3.306","3.337","3.337","3.293","0.09%"
"2020年12月17日","3.303","3.316","3.316","3.295","0.00%"
"2020年12月16日","3.303","3.359","3.359","3.286","0.15%"
"2020年12月15日","3.298","3.325","3.325","3.294","-0.36%"
"2020年12月14日","3.310","3.401","3.401","3.309","0.09%"
"2020年12月11日","3.307","3.350","3.350","3.293","0.61%"
"2020年12月10日","3.287","3.350","3.350","3.273","-0.42%"
"2020年12月9日","3.301","3.341","3.341","3.285","0.33%"
"2020年12月8日","3.290","3.349","3.349","3.280","-0.39%"
"2020年12月7日","3.303","3.350","3.350","3.298","0.06%"
"2020年12月4日","3.301","3.359","3.359","3.290","-0.51%"
"2020年12月3日","3.318","3.359","3.359","3.308","0.12%"
"2020年12月2日","3.314","3.360","3.360","3.305","0.45%"
"2020年12月1日","3.299","3.369","3.369","3.280","0.58%"
"2020年11月30日","3.280","3.400","3.400","3.268","-1.00%"
"2020年11月27日","3.313","3.375","3.375","3.291","0.18%"
"2020年11月26日","3.307","3.352","3.352","3.298","0.00%"
"2020年11月25日","3.307","3.399","3.399","3.286","-0.24%"
"2020年11月24日","3.315","3.328","3.330","3.288","0.79%"
"2020年11月23日","3.289","3.310","3.345","3.286","-1.29%"
"2020年11月20日","3.332","3.345","3.362","3.328","-0.09%"
"2020年11月19日","3.335","3.418","3.418","3.313","0.51%"
"2020年11月18日","3.318","3.320","3.320","3.288","0.97%"
"2020年11月17日","3.286","3.329","3.329","3.276","0.03%"
"2020年11月16日","3.285","3.300","3.300","3.255","0.40%"
"2020年11月13日","3.272","3.302","3.302","3.253","0.43%"
"2020年11月12日","3.258","3.295","3.295","3.240","0.52%"
"2020年11月11日","3.241","3.245","3.255","3.227","-0.06%"
"2020年11月10日","3.243","3.330","3.330","3.228","0.00%"
"2020年11月9日","3.243","3.320","3.320","3.216","1.00%"
"2020年11月6日","3.211","3.220","3.220","3.190","0.69%"
"2020年11月5日","3.189","3.250","3.250","3.174","0.41%"
"2020年11月4日","3.176","3.220","3.220","3.166","-0.28%"
"2020年11月3日","3.185","3.236","3.236","3.177","-0.22%"
"2020年11月2日","3.192","3.190","3.235","3.177","0.00%"
"2020年10月30日","3.192","3.225","3.225","3.184","0.19%"
"2020年10月29日","3.186","3.275","3.275","3.164","0.19%"
"2020年10月28日","3.180","3.230","3.230","3.173","0.00%"
"2020年10月27日","3.180","3.249","3.249","3.175","-0.78%"
"2020年10月26日","3.205","3.290","3.290","3.189","0.00%"
"2020年10月23日","3.205","3.248","3.248","3.188","1.10%"
"2020年10月22日","3.170","3.250","3.250","3.161","-1.06%"
"2020年10月21日","3.204","3.245","3.245","3.196","0.03%"
"2020年10月20日","3.203","3.250","3.250","3.195","-0.25%"
"2020年10月19日","3.211","3.300","3.300","3.198","-0.59%"
"2020年10月16日","3.230","3.240","3.242","3.224","-0.09%"
"2020年10月15日","3.233","3.275","3.275","3.226","0.50%"
"2020年10月14日","3.217","3.225","3.225","3.203","0.37%"
"2020年10月13日","3.205","3.246","3.246","3.197","-0.62%"
"2020年10月12日","3.225","3.240","3.242","3.210","0.86%"
"2020年10月11日","3.197","3.197","3.197","3.197","-0.16%"
"2020年10月10日","3.203","3.206","3.211","3.191","0.08%"
"2020年10月9日","3.200","3.294","3.294","3.199","1.43%"
"2020年9月30日","3.155","3.163","3.163","3.138","0.48%"
"2020年9月29日","3.140","3.178","3.178","3.127","0.32%"
"2020年9月28日","3.130","3.200","3.200","3.127","-0.82%"
"2020年9月27日","3.156","3.151","3.156","3.109","1.02%"
"2020年9月25日","3.124","3.110","3.127","3.106","1.07%"
"2020年9月24日","3.091","3.128","3.128","3.091","-0.90%"
"2020年9月23日","3.119","3.137","3.137","3.103","0.65%"
"2020年9月22日","3.099","3.130","3.130","3.096","-0.35%"
"2020年9月21日","3.110","3.185","3.185","3.098","-0.64%"
"2020年9月18日","3.130","3.159","3.159","3.128","-0.35%"
"2020年9月17日","3.141","3.155","3.155","3.134","-0.19%"
"2020年9月16日","3.147","3.148","3.148","3.121","0.38%"
"2020年9月15日","3.135","3.173","3.173","3.121","-1.20%"
"2020年9月14日","3.173","3.250","3.250","3.165","1.05%"
"2020年9月11日","3.140","3.113","3.143","3.104","1.09%"
"2020年9月10日","3.106","3.120","3.120","3.090","-0.06%"
"2020年9月9日","3.108","3.144","3.144","3.101","-1.27%"
"2020年9月8日","3.148","3.200","3.200","3.143","-0.85%"
"2020年9月7日","3.175","3.190","3.190","3.163","1.50%"
"2020年9月4日","3.128","3.130","3.134","3.115","-0.06%"
"2020年9月3日","3.130","3.118","3.148","3.103","1.07%"
"2020年9月2日","3.097","3.058","3.099","3.058","1.71%"
"2020年9月1日","3.045","3.055","3.055","3.038","-0.26%"
"2020年8月31日","3.053","3.135","3.135","3.052","-0.97%"
"2020年8月28日","3.083","3.087","3.087","3.077","0.52%"
"2020年8月27日","3.067","3.073","3.073","3.053","0.26%"
"2020年8月26日","3.059","3.067","3.067","3.027","0.30%"
"2020年8月25日","3.050","3.007","3.055","3.005","1.57%"
"2020年8月24日","3.003","3.050","3.050","2.998","-0.07%"
"2020年8月21日","3.005","3.021","3.021","3.003","0.07%"
"2020年8月20日","3.003","3.019","3.019","2.999","-0.20%"
"2020年8月19日","3.009","2.995","3.009","2.988","1.07%"
"2020年8月18日","2.977","2.967","2.977","2.953","1.16%"
"2020年8月17日","2.943","3.000","3.000","2.940","-0.47%"
"2020年8月14日","2.957","2.969","2.983","2.957","-0.37%"
"2020年8月13日","2.968","3.003","3.003","2.968","-0.34%"
"2020年8月12日","2.978","2.983","2.988","2.970","0.17%"
"2020年8月11日","2.973","3.003","3.003","2.968","-0.57%"
"2020年8月10日","2.990","3.070","3.070","2.980","-0.17%"
"2020年8月7日","2.995","2.996","2.999","2.979","0.47%"
"2020年8月6日","2.981","2.992","3.000","2.965","0.30%"
"2020年8月5日","2.972","2.966","2.985","2.955","0.47%"
"2020年8月4日","2.958","2.974","2.974","2.958","-0.17%"
"2020年8月3日","2.963","3.035","3.035","2.960","-0.34%"
"2020年7月31日","2.973","2.962","2.973","2.950","0.88%"
"2020年7月30日","2.947","2.972","2.972","2.947","-0.17%"
"2020年7月29日","2.952","2.938","2.953","2.923","0.82%"
"2020年7月28日","2.928","2.919","2.928","2.907","0.79%"
"2020年7月27日","2.905","2.930","2.930","2.870","0.35%"
"2020年7月24日","2.895","2.914","2.928","2.880","-0.72%"
"2020年7月23日","2.916","2.953","2.953","2.914","-0.48%"
"2020年7月22日","2.930","2.953","2.953","2.927","-0.68%"
"2020年7月21日","2.950","2.985","2.985","2.950","-0.71%"
"2020年7月20日","2.971","2.980","3.000","2.971","-2.49%"
"2020年7月17日","3.047","3.075","3.075","3.047","0.23%"
"2020年7月16日","3.040","3.120","3.120","3.040","-0.94%"
"2020年7月15日","3.069","3.170","3.170","3.033","-1.63%"
"2020年7月14日","3.120","3.180","3.180","3.120","-0.86%"
"2020年7月13日","3.147","3.190","3.190","3.143","0.43%"
"2020年7月11日","3.134","3.134","3.134","3.134","0.50%"
"2020年7月10日","3.118","3.168","3.175","3.112","-1.89%"
"2020年7月9日","3.178","3.200","3.200","3.143","2.19%"
"2020年7月8日","3.110","3.080","3.135","3.070","0.97%"
"2020年7月7日","3.080","3.050","3.135","3.050","0.98%"
"2020年7月6日","3.050","3.000","3.050","2.988","4.34%"
"2020年7月3日","2.923","2.950","2.950","2.900","1.14%"
"2020年7月2日","2.890","2.930","2.930","2.885","0.07%"
"2020年7月1日","2.888","2.900","2.900","2.875","-0.24%"
"2020年6月30日","2.895","2.930","2.935","2.895","-0.10%"
"2020年6月29日","2.898","2.930","2.940","2.888","0.17%"
"2020年6月28日","2.893","2.895","2.900","2.890","-0.75%"
"2020年6月24日","2.915","3.010","3.010","2.914","-1.09%"
"2020年6月23日","2.947","3.000","3.000","2.947","0.89%"
"2020年6月22日","2.921","2.950","2.950","2.913","0.55%"
"2020年6月19日","2.905","2.940","2.940","2.898","0.14%"
"2020年6月18日","2.901","2.903","2.920","2.883","0.48%"
"2020年6月17日","2.887","2.880","2.887","2.869","0.84%"
"2020年6月16日","2.863","2.890","2.890","2.850","2.25%"
"2020年6月15日","2.800","2.810","2.825","2.764","0.25%"
"2020年6月12日","2.793","2.810","2.810","2.775","-0.36%"
"2020年6月11日","2.803","2.880","2.880","2.793","-1.79%"
"2020年6月10日","2.854","2.883","2.883","2.852","0.28%"
"2020年6月9日","2.846","2.880","2.880","2.840","-0.32%"
"2020年6月8日","2.855","2.930","2.960","2.850","-0.56%"
"2020年6月5日","2.871","2.905","2.920","2.858","0.63%"
"2020年6月4日","2.853","2.835","2.853","2.809","1.13%"
"2020年6月3日","2.821","2.800","2.847","2.798","1.55%"
"2020年6月2日","2.778","2.749","2.800","2.736","1.91%"
"2020年6月1日","2.726","2.738","2.738","2.703","0.70%"
"2020年5月29日","2.707","2.750","2.750","2.698","0.26%"
"2020年5月28日","2.700","2.700","2.718","2.685","-0.33%"
"2020年5月27日","2.709","2.698","2.723","2.683","0.33%"
"2020年5月26日","2.700","2.662","2.700","2.648","2.12%"
"2020年5月25日","2.644","2.658","2.658","2.620","1.50%"
"2020年5月22日","2.605","2.690","2.700","2.602","-2.91%"
"2020年5月21日","2.683","2.725","2.725","2.681","-0.45%"
"2020年5月20日","2.695","2.749","2.749","2.687","-0.96%"
"2020年5月19日","2.721","2.753","2.753","2.698","0.74%"
"2020年5月18日","2.701","2.725","2.725","2.690","1.20%"
"2020年5月15日","2.669","2.723","2.723","2.665","-1.33%"
"2020年5月14日","2.705","2.683","2.708","2.677","0.93%"
"2020年5月13日","2.680","2.710","2.710","2.650","0.83%"
"2020年5月12日","2.658","2.662","2.670","2.633","-0.23%"
"2020年5月11日","2.664","2.688","2.693","2.628","1.35%"
"2020年5月9日","2.628","2.633","2.633","2.627","0.06%"
"2020年5月8日","2.627","2.610","2.627","2.603","1.31%"
"2020年5月7日","2.593","2.563","2.602","2.557","1.49%"
"2020年5月6日","2.555","2.545","2.558","2.540","1.19%"
"2020年5月5日","2.525","2.525","2.525","2.525","0.00%"
"2020年5月4日","2.525","2.525","2.525","2.525","0.60%"
"2020年4月30日","2.510","2.503","2.527","2.503","0.28%"
"2020年4月29日","2.503","2.521","2.537","2.498","-0.60%"
"2020年4月28日","2.518","2.545","2.545","2.512","-0.12%"
"2020年4月27日","2.521","2.523","2.545","2.520","0.56%"
"2020年4月26日","2.507","2.500","2.514","2.494","-0.20%"
"2020年4月24日","2.512","2.552","2.561","2.508","-0.59%"
"2020年4月23日","2.527","2.575","2.582","2.527","-1.60%"
"2020年4月22日","2.568","2.588","2.603","2.568","-0.70%"
"2020年4月21日","2.586","2.578","2.599","2.577","0.27%"
"2020年4月20日","2.579","2.565","2.590","2.558","1.06%"
"2020年4月17日","2.552","2.545","2.559","2.539","0.59%"
"2020年4月16日","2.537","2.555","2.561","2.537","-0.55%"
"2020年4月15日","2.551","2.570","2.589","2.544","-0.51%"
"2020年4月14日","2.564","2.593","2.625","2.548","-0.16%"
"2020年4月13日","2.568","2.560","2.585","2.560","1.22%"
"2020年4月10日","2.537","2.530","2.540","2.516","0.55%"
"2020年4月9日","2.523","2.525","2.540","2.514","0.32%"
"2020年4月8日","2.515","2.535","2.560","2.508","-0.75%"
"2020年4月7日","2.534","2.616","2.616","2.503","-3.19%"
"2020年4月6日","2.618","2.641","2.720","2.618","0.36%"
"2020年4月3日","2.608","2.593","2.636","2.565","-2.61%"
"2020年4月2日","2.678","2.667","2.682","2.658","0.98%"
"2020年4月1日","2.652","2.660","2.680","2.629","-0.41%"
"2020年3月31日","2.663","2.735","2.750","2.663","-1.26%"
"2020年3月30日","2.697","2.690","2.718","2.690","0.86%"
"2020年3月27日","2.674","2.745","2.745","2.674","-0.67%"
"2020年3月26日","2.692","2.760","2.760","2.667","-0.96%"
"2020年3月25日","2.718","2.753","2.753","2.713","0.15%"
"2020年3月24日","2.714","2.745","2.745","2.713","-0.26%"
"2020年3月23日","2.721","2.715","2.753","2.698","-1.20%"
"2020年3月20日","2.754","2.825","2.825","2.754","-1.33%"
"2020年3月19日","2.791","2.823","2.823","2.763","0.32%"
"2020年3月18日","2.782","2.831","2.831","2.767","1.05%"
"2020年3月17日","2.753","2.770","2.770","2.739","0.47%"
"2020年3月16日","2.740","2.790","2.790","2.688","0.70%"
"2020年3月13日","2.721","2.765","2.765","2.694","1.61%"
"2020年3月12日","2.678","2.720","2.720","2.662","-0.56%"
"2020年3月11日","2.693","2.750","2.750","2.675","0.75%"
"2020年3月10日","2.673","2.650","2.680","2.603","3.01%"
"2020年3月9日","2.595","2.680","2.680","2.578","-3.21%"
"2020年3月6日","2.681","2.781","2.781","2.680","-2.12%"
"2020年3月5日","2.739","2.790","2.790","2.739","-0.98%"
"2020年3月4日","2.766","2.825","2.825","2.756","-1.74%"
"2020年3月3日","2.815","2.863","2.865","2.803","1.00%"
"2020年3月2日","2.787","2.750","2.790","2.750","-0.39%"
"2020年2月28日","2.798","2.875","2.875","2.798","-2.27%"
"2020年2月27日","2.863","2.901","2.901","2.810","-0.49%"
"2020年2月26日","2.877","2.876","2.887","2.850","0.17%"
"2020年2月25日","2.872","2.900","2.900","2.861","0.03%"
"2020年2月24日","2.871","2.920","2.920","2.865","-2.21%"
"2020年2月21日","2.936","2.944","2.949","2.920","-0.07%"
"2020年2月20日","2.938","2.953","2.955","2.923","0.31%"
"2020年2月19日","2.929","2.952","2.952","2.916","0.45%"
"2020年2月18日","2.916","2.935","2.945","2.915","-0.48%"
"2020年2月17日","2.930","2.950","2.950","2.890","1.00%"
"2020年2月14日","2.901","2.910","2.910","2.870","0.80%"
"2020年2月13日","2.878","2.885","2.885","2.870","-0.07%"
"2020年2月12日","2.880","2.900","2.900","2.858","0.77%"
"2020年2月11日","2.858","2.900","2.900","2.834","1.35%"
"2020年2月10日","2.820","2.858","2.858","2.816","-1.67%"
"2020年2月7日","2.868","2.900","2.905","2.866","-0.69%"
"2020年2月6日","2.888","2.925","2.925","2.875","-0.86%"
"2020年2月5日","2.913","2.853","2.937","2.853","0.80%"
"2020年2月4日","2.890","2.870","2.890","2.870","1.05%"
"2020年2月3日","2.860","2.850","2.900","2.815","-6.23%"
"2020年1月23日","3.050","3.050","3.050","3.015","-0.10%"
"2020年1月22日","3.053","3.096","3.103","3.053","-1.39%"
"2020年1月21日","3.096","3.139","3.143","3.055","-1.05%"
"2020年1月20日","3.129","3.134","3.146","3.125","-0.08%"
"2020年1月19日","3.132","3.118","3.136","3.118","-0.56%"
"2020年1月17日","3.149","3.148","3.170","3.142","0.19%"
"2020年1月16日","3.143","3.153","3.159","3.141","0.06%"
"2020年1月15日","3.141","3.153","3.157","3.125","-0.16%"
"2020年1月14日","3.146","3.145","3.150","3.138","-0.03%"
"2020年1月13日","3.147","3.120","3.153","3.120","0.35%"
"2020年1月10日","3.136","3.160","3.166","3.134","-0.73%"
"2020年1月9日","3.159","3.171","3.184","3.158","-0.28%"
"2020年1月8日","3.168","3.185","3.203","3.165","-0.38%"
"2020年1月7日","3.180","3.170","3.182","3.170","0.06%"
"2020年1月6日","3.178","3.190","3.215","3.159","-0.47%"
"2020年1月3日","3.193","3.188","3.199","3.180","0.25%"
"2020年1月2日","3.185","3.175","3.185","3.168","0.38%"
"2019年12月31日","3.173","3.166","3.196","3.155","-0.13%"
"2019年12月30日","3.177","3.170","3.183","3.168","0.19%"
"2019年12月27日","3.171","3.155","3.188","3.155","0.67%"
"2019年12月26日","3.150","3.187","3.210","3.140","-1.19%"
"2019年12月25日","3.188","3.202","3.218","3.188","-0.31%"
"2019年12月24日","3.198","3.202","3.223","3.187","-0.44%"
"2019年12月23日","3.212","3.210","3.234","3.188","-1.08%"
"2019年12月20日","3.247","3.287","3.287","3.234","-0.06%"
"2019年12月19日","3.249","3.285","3.285","3.239","-0.09%"
"2019年12月18日","3.252","3.271","3.271","3.233","0.53%"
"2019年12月17日","3.235","3.223","3.242","3.213","0.56%"
"2019年12月16日","3.217","3.263","3.263","3.198","0.44%"
"2019年12月13日","3.203","3.250","3.250","3.195","0.28%"
"2019年12月12日","3.194","3.210","3.228","3.194","-0.44%"
"2019年12月11日","3.208","3.257","3.257","3.193","-0.47%"
"2019年12月10日","3.223","3.271","3.271","3.201","0.47%"
"2019年12月9日","3.208","3.260","3.260","3.208","-0.12%"
"2019年12月6日","3.212","3.239","3.239","3.197","0.16%"
"2019年12月5日","3.207","3.254","3.254","3.200","0.28%"
"2019年12月4日","3.198","3.230","3.235","3.180","-1.39%"
"2019年12月3日","3.243","3.249","3.256","3.226","0.84%"
"2019年12月2日","3.216","3.215","3.222","3.200","0.75%"
"2019年11月29日","3.192","3.237","3.237","3.176","-0.28%"
"2019年11月28日","3.201","3.209","3.217","3.193","-0.16%"
"2019年11月27日","3.206","3.186","3.224","3.176","-0.06%"
"2019年11月26日","3.208","3.209","3.229","3.202","0.12%"
"2019年11月25日","3.204","3.220","3.250","3.182","0.50%"
"2019年11月22日","3.188","3.180","3.209","3.180","0.47%"
"2019年11月21日","3.173","3.194","3.202","3.163","-0.81%"
"2019年11月20日","3.199","3.236","3.253","3.194","-0.99%"
"2019年11月19日","3.231","3.223","3.238","3.212","0.25%"
"2019年11月18日","3.223","3.260","3.282","3.198","-1.23%"
"2019年11月15日","3.263","3.299","3.299","3.245","-0.06%"
"2019年11月14日","3.265","3.268","3.278","3.250","0.12%"
"2019年11月13日","3.261","3.304","3.304","3.255","0.12%"
"2019年11月12日","3.257","3.235","3.263","3.229","0.09%"
"2019年11月11日","3.254","3.340","3.340","3.254","-1.09%"
"2019年11月8日","3.290","3.287","3.316","3.287","0.37%"
"2019年11月7日","3.278","3.300","3.300","3.267","0.28%"
"2019年11月6日","3.269","3.325","3.325","3.259","-0.43%"
"2019年11月5日","3.283","3.314","3.331","3.260","-0.48%"
"2019年11月4日","3.299","3.300","3.318","3.288","0.49%"
"2019年11月1日","3.283","3.343","3.343","3.281","0.06%"
"2019年10月31日","3.281","3.378","3.378","3.280","-1.32%"
"2019年10月30日","3.325","3.323","3.336","3.318","0.24%"
"2019年10月29日","3.317","3.315","3.323","3.285","0.91%"
"2019年10月28日","3.287","3.250","3.295","3.250","0.98%"
"2019年10月25日","3.255","3.244","3.259","3.239","0.65%"
"2019年10月24日","3.234","3.242","3.262","3.233","0.00%"
"2019年10月23日","3.234","3.243","3.248","3.221","0.03%"
"2019年10月22日","3.233","3.220","3.243","3.220","0.56%"
"2019年10月21日","3.215","3.250","3.250","3.198","0.69%"
"2019年10月18日","3.193","3.195","3.201","3.170","0.13%"
"2019年10月17日","3.189","3.201","3.201","3.187","0.00%"
"2019年10月16日","3.189","3.185","3.194","3.179","0.25%"
"2019年10月15日","3.181","3.213","3.213","3.178","-0.41%"
"2019年10月14日","3.194","3.200","3.208","3.184","0.66%"
"2019年10月12日","3.173","3.199","3.199","3.172","0.32%"
"2019年10月11日","3.163","3.170","3.170","3.161","0.70%"
"2019年10月10日","3.141","3.156","3.156","3.136","0.71%"
"2019年10月9日","3.119","3.181","3.181","3.115","-0.64%"
"2019年10月8日","3.139","3.190","3.208","3.128","-0.51%"
"2019年9月30日","3.155","3.180","3.180","3.155","-0.25%"
"2019年9月29日","3.163","3.215","3.215","3.163","0.16%"
"2019年9月27日","3.158","3.158","3.160","3.145","0.41%"
"2019年9月26日","3.145","3.144","3.149","3.126","0.13%"
"2019年9月25日","3.141","3.127","3.143","3.122","0.45%"
"2019年9月24日","3.127","3.112","3.131","3.107","0.48%"
"2019年9月23日","3.112","3.130","3.131","3.098","-0.19%"
"2019年9月21日","3.118","3.118","3.118","3.118","0.00%"
"2019年9月20日","3.118","3.165","3.165","3.114","-0.61%"
"2019年9月19日","3.137","3.170","3.170","3.115","0.03%"
"2019年9月18日","3.136","3.140","3.146","3.108","0.61%"
"2019年9月17日","3.117","3.132","3.132","3.099","0.29%"
"2019年9月16日","3.108","3.120","3.140","3.093","0.45%"
"2019年9月12日","3.094","3.068","3.096","3.068","1.11%"
"2019年9月11日","3.060","3.063","3.078","3.045","0.26%"
"2019年9月10日","3.052","3.045","3.064","3.041","0.49%"
"2019年9月9日","3.037","3.085","3.085","3.034","0.46%"
"2019年9月6日","3.023","3.075","3.075","3.015","-0.79%"
"2019年9月5日","3.047","3.078","3.078","3.047","-1.10%"
"2019年9月4日","3.081","3.088","3.108","3.080","0.13%"
"2019年9月3日","3.077","3.102","3.102","3.077","-0.03%"
"2019年9月2日","3.078","3.080","3.082","3.066","0.33%"
"2019年8月30日","3.068","3.058","3.075","3.057","0.62%"
"2019年8月29日","3.049","3.078","3.085","3.047","-0.68%"
"2019年8月28日","3.070","3.075","3.080","3.066","-0.16%"
"2019年8月27日","3.075","3.086","3.086","3.068","-0.19%"
"2019年8月26日","3.081","3.035","3.082","3.028","0.36%"
"2019年8月23日","3.070","3.086","3.099","3.063","-0.23%"
"2019年8月22日","3.077","3.068","3.083","3.068","0.49%"
"2019年8月21日","3.062","3.048","3.065","3.048","0.79%"
"2019年8月20日","3.038","3.041","3.051","3.038","-0.10%"
"2019年8月19日","3.041","3.062","3.062","3.035","0.36%"
"2019年8月16日","3.030","3.035","3.047","3.022","0.10%"
"2019年8月15日","3.027","3.028","3.035","3.015","-0.03%"
"2019年8月14日","3.028","3.034","3.041","3.024","0.17%"
"2019年8月13日","3.023","3.050","3.055","3.020","-0.79%"
"2019年8月12日","3.047","3.090","3.090","3.045","0.26%"
"2019年8月9日","3.039","3.051","3.075","3.019","-0.39%"
"2019年8月8日","3.051","3.105","3.105","3.048","-0.72%"
"2019年8月7日","3.073","3.083","3.113","3.070","-0.16%"
"2019年8月6日","3.078","3.073","3.088","3.051","0.39%"
"2019年8月5日","3.066","3.160","3.160","3.058","-1.10%"
"2019年8月3日","3.100","3.149","3.149","3.100","-1.24%"
"2019年8月2日","3.139","3.177","3.177","3.128","-0.92%"
"2019年8月1日","3.168","3.192","3.194","3.168","-0.47%"
"2019年7月31日","3.183","3.199","3.200","3.165","-0.41%"
"2019年7月30日","3.196","3.203","3.220","3.193","-0.28%"
"2019年7月29日","3.205","3.200","3.205","3.178","0.94%"
"2019年7月26日","3.175","3.194","3.196","3.175","-0.22%"
"2019年7月25日","3.182","3.187","3.206","3.169","0.13%"
"2019年7月24日","3.178","3.174","3.187","3.171","0.51%"
"2019年7月23日","3.162","3.165","3.180","3.140","0.16%"
"2019年7月22日","3.157","3.183","3.183","3.157","-0.50%"
"2019年7月19日","3.173","3.221","3.221","3.173","-0.56%"
"2019年7月18日","3.191","3.198","3.211","3.191","-0.09%"
"2019年7月17日","3.194","3.198","3.213","3.192","0.19%"
"2019年7月16日","3.188","3.189","3.203","3.187","0.03%"
"2019年7月15日","3.187","3.250","3.250","3.155","-0.06%"
"2019年7月12日","3.189","3.192","3.210","3.189","0.35%"
"2019年7月11日","3.178","3.188","3.203","3.155","-0.28%"
"2019年7月10日","3.187","3.220","3.228","3.186","-0.16%"
"2019年7月9日","3.192","3.205","3.240","3.192","-0.09%"
"2019年7月8日","3.195","3.200","3.200","3.189","0.22%"
"2019年7月5日","3.188","3.179","3.189","3.175","0.38%"
"2019年7月4日","3.176","3.208","3.208","3.174","-0.53%"
"2019年7月3日","3.193","3.238","3.238","3.178","-1.11%"
"2019年7月2日","3.229","3.262","3.268","3.229","-1.01%"
"2019年7月1日","3.262","3.315","3.315","3.248","-0.52%"
"2019年6月28日","3.279","3.285","3.298","3.278","-0.09%"
"2019年6月27日","3.282","3.280","3.282","3.273","0.12%"
"2019年6月26日","3.278","3.271","3.278","3.265","0.21%"
"2019年6月25日","3.271","3.266","3.271","3.263","0.15%"
"2019年6月24日","3.266","3.260","3.267","3.255","0.49%"
"2019年6月21日","3.250","3.270","3.278","3.245","-0.82%"
"2019年6月20日","3.277","3.270","3.277","3.250","0.68%"
"2019年6月19日","3.255","3.270","3.270","3.253","-0.12%"
"2019年6月18日","3.259","3.276","3.276","3.259","-0.24%"
"2019年6月17日","3.267","3.270","3.270","3.250","-0.37%"
"2019年6月14日","3.279","3.306","3.306","3.278","-0.33%"
"2019年6月13日","3.290","3.319","3.319","3.287","-0.36%"
"2019年6月12日","3.302","3.296","3.317","3.293","0.49%"
"2019年6月11日","3.286","3.290","3.293","3.270","0.40%"
"2019年6月10日","3.273","3.260","3.273","3.255","0.31%"
"2019年6月6日","3.263","3.258","3.265","3.247","0.49%"
"2019年6月5日","3.247","3.271","3.271","3.243","-0.37%"
"2019年6月4日","3.259","3.291","3.296","3.257","-0.88%"
"2019年6月3日","3.288","3.320","3.324","3.287","-0.27%"
"2019年5月31日","3.297","3.332","3.347","3.294","-0.78%"
"2019年5月30日","3.323","3.333","3.341","3.310","-0.15%"
"2019年5月29日","3.328","3.381","3.381","3.319","-0.89%"
"2019年5月28日","3.358","3.368","3.368","3.348","0.24%"
"2019年5月27日","3.350","3.370","3.370","3.341","0.51%"
"2019年5月24日","3.333","3.370","3.370","3.330","-0.18%"
"2019年5月23日","3.339","3.400","3.400","3.305","0.66%"
"2019年5月22日","3.317","3.316","3.333","3.311","0.27%"
"2019年5月21日","3.308","3.313","3.314","3.302","0.30%"
"2019年5月20日","3.298","3.380","3.380","3.290","0.46%"
"2019年5月17日","3.283","3.335","3.335","3.265","-0.18%"
"2019年5月16日","3.289","3.320","3.320","3.285","-0.93%"
"2019年5月15日","3.320","3.302","3.322","3.298","0.73%"
"2019年5月14日","3.296","3.312","3.330","3.296","-0.57%"
"2019年5月13日","3.315","3.310","3.322","3.290","0.03%"
"2019年5月10日","3.314","3.395","3.395","3.311","-0.48%"
"2019年5月9日","3.330","3.343","3.366","3.320","-0.75%"
"2019年5月8日","3.355","3.400","3.400","3.349","-0.27%"
"2019年5月7日","3.364","3.415","3.415","3.358","-0.41%"
"2019年5月6日","3.378","3.400","3.400","3.355","-0.79%"
"2019年5月5日","3.405","3.390","3.405","3.390","-0.32%"
"2019年4月30日","3.416","3.433","3.443","3.412","-0.41%"
"2019年4月29日","3.430","3.480","3.480","3.420","0.44%"
"2019年4月28日","3.415","3.410","3.415","3.410","-0.18%"
"2019年4月26日","3.421","3.445","3.445","3.421","-0.35%"
"2019年4月25日","3.433","3.455","3.475","3.413","-0.06%"
"2019年4月24日","3.435","3.438","3.453","3.415","0.03%"
"2019年4月23日","3.434","3.443","3.459","3.434","0.44%"
"2019年4月22日","3.419","3.420","3.430","3.407","0.86%"
"2019年4月19日","3.390","3.399","3.413","3.379","0.12%"
"2019年4月18日","3.386","3.423","3.428","3.385","-1.20%"
"2019年4月17日","3.427","3.420","3.445","3.409","0.68%"
"2019年4月16日","3.404","3.390","3.410","3.383","0.86%"
"2019年4月15日","3.375","3.400","3.425","3.371","1.32%"
"2019年4月12日","3.331","3.307","3.335","3.307","1.15%"
"2019年4月11日","3.293","3.318","3.332","3.276","-0.78%"
"2019年4月10日","3.319","3.323","3.338","3.309","0.82%"
"2019年4月9日","3.292","3.305","3.305","3.273","0.15%"
"2019年4月8日","3.287","3.310","3.315","3.282","0.58%"
"2019年4月4日","3.268","3.248","3.275","3.248","0.80%"
"2019年4月3日","3.242","3.190","3.242","3.188","2.34%"
"2019年4月2日","3.168","3.145","3.168","3.145","1.15%"
"2019年4月1日","3.132","3.140","3.140","3.114","1.85%"
"2019年3月29日","3.075","3.128","3.128","3.075","-0.45%"
"2019年3月28日","3.089","3.110","3.111","3.087","-0.26%"
"2019年3月27日","3.097","3.140","3.140","3.095","0.36%"
"2019年3月26日","3.086","3.172","3.172","3.083","-0.90%"
"2019年3月25日","3.114","3.150","3.150","3.114","-0.76%"
"2019年3月22日","3.138","3.181","3.186","3.115","-0.79%"
"2019年3月21日","3.163","3.180","3.180","3.163","0.29%"
"2019年3月20日","3.154","3.173","3.173","3.154","-0.13%"
"2019年3月19日","3.158","3.180","3.180","3.158","0.16%"
"2019年3月18日","3.153","3.150","3.165","3.146","-0.06%"
"2019年3月15日","3.155","3.192","3.192","3.153","-0.28%"
"2019年3月14日","3.164","3.165","3.180","3.163","0.16%"
"2019年3月13日","3.159","3.185","3.185","3.159","-0.13%"
"2019年3月12日","3.163","3.197","3.197","3.160","-0.22%"
"2019年3月11日","3.170","3.160","3.173","3.140","0.35%"
"2019年3月8日","3.159","3.215","3.215","3.159","-0.88%"
"2019年3月7日","3.187","3.275","3.275","3.187","-1.15%"
"2019年3月6日","3.224","3.240","3.240","3.215","-0.12%"
"2019年3月5日","3.228","3.252","3.252","3.221","0.47%"
"2019年3月4日","3.213","3.280","3.280","3.213","0.56%"
"2019年3月1日","3.195","3.218","3.218","3.188","-0.41%"
"2019年2月28日","3.208","3.198","3.222","3.192","0.66%"
"2019年2月27日","3.187","3.223","3.230","3.187","-0.72%"
"2019年2月26日","3.210","3.193","3.213","3.191","1.01%"
"2019年2月25日","3.178","3.200","3.200","3.150","0.95%"
"2019年2月22日","3.148","3.162","3.162","3.148","0.16%"
"2019年2月21日","3.143","3.169","3.169","3.143","-0.06%"
"2019年2月20日","3.145","3.163","3.163","3.133","0.35%"
"2019年2月19日","3.134","3.140","3.146","3.128","0.61%"
"2019年2月18日","3.115","3.170","3.170","3.090","0.81%"
"2019年2月15日","3.090","3.119","3.119","3.080","-0.16%"
"2019年2月14日","3.095","3.121","3.121","3.082","0.06%"
"2019年2月13日","3.093","3.132","3.132","3.091","0.00%"
"2019年2月12日","3.093","3.160","3.160","3.090","0.10%"
"2019年2月11日","3.090","3.144","3.144","3.090","-1.90%"
"2019年2月3日","3.150","3.150","3.150","3.150","0.48%"
"2019年2月2日","3.135","3.150","3.150","3.135","-0.32%"
"2019年2月1日","3.145","3.143","3.157","3.143","0.48%"
"2019年1月31日","3.130","3.152","3.157","3.125","-0.45%"
"2019年1月30日","3.144","3.164","3.169","3.139","-0.38%"
"2019年1月29日","3.156","3.187","3.187","3.152","-0.09%"
"2019年1月28日","3.159","3.200","3.200","3.157","0.06%"
"2019年1月25日","3.157","3.178","3.178","3.151","0.35%"
"2019年1月24日","3.146","3.155","3.159","3.145","-0.06%"
"2019年1月23日","3.148","3.155","3.155","3.110","0.58%"
"2019年1月22日","3.130","3.153","3.153","3.110","0.64%"
"2019年1月21日","3.110","3.160","3.160","3.110","-0.26%"
"2019年1月18日","3.118","3.147","3.147","3.111","0.87%"
"2019年1月17日","3.091","3.123","3.130","3.091","-0.71%"
"2019年1月16日","3.113","3.175","3.175","3.113","-1.21%"
"2019年1月15日","3.151","3.156","3.172","3.145","0.29%"
"2019年1月14日","3.142","3.200","3.200","3.140","0.13%"
"2019年1月11日","3.138","3.148","3.148","3.125","-0.06%"
"2019年1月10日","3.140","3.140","3.143","3.117","0.32%"
"2019年1月9日","3.130","3.150","3.173","3.128","-0.57%"
"2019年1月8日","3.148","3.166","3.183","3.143","-0.66%"
"2019年1月7日","3.169","3.180","3.205","3.169","-0.22%"
"2019年1月4日","3.176","3.192","3.198","3.173","-0.47%"
"2019年1月3日","3.191","3.200","3.200","3.168","-0.37%"
"2019年1月2日","3.203","3.280","3.280","3.193","-2.05%"
"2018年12月29日","3.270","3.270","3.270","3.270","-0.09%"
"2018年12月28日","3.273","3.300","3.300","3.273","-0.79%"
"2018年12月27日","3.299","3.389","3.400","3.292","-1.20%"
"2018年12月26日","3.339","3.399","3.399","3.336","-0.54%"
"2018年12月25日","3.357","3.361","3.365","3.351","-0.09%"
"2018年12月24日","3.360","3.400","3.400","3.343","0.15%"
"2018年12月21日","3.355","3.387","3.387","3.318","0.39%"
"2018年12月20日","3.342","3.443","3.443","3.313","-1.15%"
"2018年12月19日","3.381","3.429","3.429","3.381","-0.82%"
"2018年12月18日","3.409","3.417","3.433","3.398","0.21%"
"2018年12月17日","3.402","3.420","3.420","3.375","0.98%"
"2018年12月14日","3.369","3.360","3.372","3.341","0.87%"
"2018年12月13日","3.340","3.322","3.340","3.313","1.33%"
"2018年12月12日","3.296","3.311","3.329","3.296","-0.09%"
"2018年12月11日","3.299","3.341","3.341","3.288","-0.30%"
"2018年12月10日","3.309","3.360","3.360","3.268","-0.45%"
"2018年12月8日","3.324","3.324","3.324","3.324","0.30%"
"2018年12月7日","3.314","3.310","3.340","3.310","-0.45%"
"2018年12月6日","3.329","3.375","3.375","3.310","-0.48%"
"2018年12月5日","3.345","3.348","3.370","3.333","0.00%"
"2018年12月4日","3.345","3.440","3.440","3.345","-1.53%"
"2018年12月3日","3.397","3.420","3.420","3.386","0.50%"
"2018年12月2日","3.380","3.380","3.380","3.380","-0.73%"
"2018年12月1日","3.405","3.405","3.405","3.405","0.21%"
"2018年11月30日","3.398","3.410","3.410","3.392","-0.15%"
"2018年11月29日","3.403","3.415","3.423","3.397","-0.15%"
"2018年11月28日","3.408","3.458","3.458","3.408","-0.99%"
"2018年11月27日","3.442","3.443","3.456","3.431","0.50%"
"2018年11月26日","3.425","3.470","3.470","3.408","0.15%"
"2018年11月23日","3.420","3.410","3.428","3.380","0.50%"
"2018年11月22日","3.403","3.425","3.425","3.392","0.21%"
"2018年11月21日","3.396","3.400","3.420","3.381","0.06%"
"2018年11月20日","3.394","3.425","3.425","3.387","0.33%"
"2018年11月19日","3.383","3.365","3.405","3.350","0.53%"
"2018年11月18日","3.365","3.365","3.365","3.365","0.03%"
"2018年11月17日","3.364","3.364","3.364","3.364","-0.06%"
"2018年11月16日","3.366","3.475","3.475","3.358","-1.78%"
"2018年11月15日","3.427","3.508","3.508","3.427","-0.87%"
"2018年11月14日","3.457","3.522","3.522","3.448","-1.28%"
"2018年11月13日","3.502","3.525","3.532","3.502","0.17%"
"2018年11月12日","3.496","3.520","3.520","3.494","-0.11%"
"2018年11月9日","3.500","3.517","3.517","3.497","-0.28%"
"2018年11月8日","3.510","3.549","3.570","3.501","-0.31%"
"2018年11月7日","3.521","3.549","3.570","3.521","-0.59%"
"2018年11月6日","3.542","3.588","3.588","3.542","-0.45%"
"2018年11月5日","3.558","3.553","3.583","3.545","0.20%"
"2018年11月2日","3.551","3.549","3.553","3.529","0.82%"
"2018年11月1日","3.522","3.562","3.562","3.522","-0.31%"
"2018年10月31日","3.533","3.567","3.567","3.529","-0.31%"
"2018年10月30日","3.544","3.593","3.593","3.525","0.11%"
"2018年10月29日","3.540","3.650","3.650","3.538","-0.34%"
"2018年10月26日","3.552","3.587","3.587","3.552","-0.42%"
"2018年10月25日","3.567","3.553","3.568","3.545","-0.08%"
"2018年10月24日","3.570","3.608","3.611","3.568","-0.86%"
"2018年10月23日","3.601","3.650","3.650","3.601","0.22%"
"2018年10月22日","3.593","3.610","3.610","3.593","0.28%"
"2018年10月19日","3.583","3.630","3.630","3.555","0.14%"
"2018年10月18日","3.578","3.616","3.616","3.578","-0.50%"
"2018年10月17日","3.596","3.642","3.642","3.594","-0.30%"
"2018年10月16日","3.607","3.644","3.644","3.607","-0.28%"
"2018年10月15日","3.617","3.620","3.620","3.598","0.33%"
"2018年10月12日","3.605","3.668","3.668","3.583","-0.41%"
"2018年10月11日","3.620","3.655","3.655","3.600","-0.22%"
"2018年10月10日","3.628","3.649","3.664","3.628","-0.55%"
"2018年10月9日","3.648","3.660","3.660","3.636","0.58%"
"2018年10月8日","3.627","3.640","3.650","3.627","-0.77%"
"2018年9月30日","3.655","3.660","3.660","3.640","0.27%"
"2018年9月29日","3.645","3.653","3.676","3.634","-0.22%"
"2018年9月28日","3.653","3.662","3.673","3.651","-0.25%"
"2018年9月27日","3.662","3.703","3.703","3.661","-0.52%"
"2018年9月26日","3.681","3.722","3.722","3.681","-0.41%"
"2018年9月25日","3.696","3.710","3.710","3.692","-0.46%"
"2018年9月21日","3.713","3.698","3.727","3.698","0.51%"
"2018年9月20日","3.694","3.689","3.698","3.679","0.14%"
"2018年9月19日","3.689","3.676","3.695","3.660","0.60%"
"2018年9月18日","3.667","3.671","3.672","3.650","0.11%"
"2018年9月17日","3.663","3.690","3.690","3.635","-0.33%"
"2018年9月14日","3.675","3.690","3.698","3.673","-0.22%"
"2018年9月13日","3.683","3.713","3.713","3.680","-0.35%"
"2018年9月12日","3.696","3.713","3.713","3.696","0.22%"
"2018年9月11日","3.688","3.683","3.695","3.680","0.49%"
"2018年9月10日","3.670","3.680","3.680","3.669","0.47%"
"2018年9月7日","3.653","3.680","3.680","3.650","0.61%"
"2018年9月6日","3.631","3.658","3.660","3.630","-0.22%"
"2018年9月5日","3.639","3.665","3.665","3.637","0.28%"
"2018年9月4日","3.629","3.652","3.652","3.618","0.44%"
"2018年9月3日","3.613","3.650","3.650","3.605","0.36%"
"2018年8月31日","3.600","3.639","3.665","3.593","-1.18%"
"2018年8月30日","3.643","3.640","3.653","3.620","0.30%"
"2018年8月29日","3.632","3.652","3.675","3.632","-0.36%"
"2018年8月28日","3.645","3.655","3.671","3.645","-0.08%"
"2018年8月27日","3.648","3.640","3.670","3.640","0.27%"
"2018年8月24日","3.638","3.653","3.653","3.624","0.39%"
"2018年8月23日","3.624","3.670","3.670","3.608","-0.60%"
"2018年8月22日","3.646","3.671","3.671","3.643","-0.76%"
"2018年8月21日","3.674","3.688","3.688","3.658","0.16%"
"2018年8月20日","3.668","3.700","3.710","3.664","0.33%"
"2018年8月17日","3.656","3.615","3.673","3.615","1.16%"
"2018年8月16日","3.614","3.610","3.618","3.595","0.70%"
"2018年8月15日","3.589","3.617","3.617","3.575","0.34%"
"2018年8月14日","3.577","3.599","3.605","3.577","-0.53%"
"2018年8月13日","3.596","3.580","3.598","3.563","0.62%"
"2018年8月10日","3.574","3.570","3.586","3.550","0.53%"
"2018年8月9日","3.555","3.538","3.560","3.532","0.82%"
"2018年8月8日","3.526","3.511","3.526","3.490","0.89%"
"2018年8月7日","3.495","3.530","3.530","3.483","0.66%"
"2018年8月6日","3.472","3.550","3.550","3.465","-0.52%"
"2018年8月3日","3.490","3.531","3.531","3.489","0.09%"
"2018年8月2日","3.487","3.540","3.540","3.465","-0.43%"
"2018年8月1日","3.502","3.583","3.583","3.500","-0.88%"
"2018年7月31日","3.533","3.563","3.563","3.529","-0.06%"
"2018年7月30日","3.535","3.600","3.600","3.535","-0.62%"
"2018年7月27日","3.557","3.615","3.615","3.552","0.00%"
"2018年7月26日","3.557","3.579","3.591","3.557","-0.45%"
"2018年7月25日","3.573","3.573","3.582","3.560","0.34%"
"2018年7月24日","3.561","3.574","3.581","3.554","0.79%"
"2018年7月23日","3.533","3.570","3.570","3.508","0.71%"
"2018年7月20日","3.508","3.488","3.513","3.444","0.34%"
"2018年7月19日","3.496","3.528","3.528","3.488","-0.09%"
"2018年7月18日","3.499","3.508","3.513","3.494","-0.06%"
"2018年7月17日","3.501","3.548","3.548","3.497","-0.28%"
"2018年7月16日","3.511","3.550","3.550","3.475","-0.14%"
"2018年7月13日","3.516","3.533","3.550","3.513","-0.54%"
"2018年7月12日","3.535","3.558","3.571","3.531","-0.23%"
"2018年7月11日","3.543","3.573","3.573","3.543","-0.37%"
"2018年7月10日","3.556","3.567","3.568","3.554","0.23%"
"2018年7月9日","3.548","3.550","3.559","3.540","0.23%"
"2018年7月6日","3.540","3.547","3.548","3.517","0.57%"
"2018年7月5日","3.520","3.535","3.535","3.507","-0.06%"
"2018年7月4日","3.522","3.515","3.523","3.504","0.31%"
"2018年7月3日","3.511","3.509","3.511","3.485","0.66%"
"2018年7月2日","3.488","3.550","3.550","3.488","-1.55%"
"2018年6月29日","3.543","3.601","3.601","3.534","-0.64%"
"2018年6月28日","3.566","3.610","3.610","3.566","-0.53%"
"2018年6月27日","3.585","3.620","3.620","3.585","-0.50%"
"2018年6月26日","3.603","3.633","3.633","3.603","-0.06%"
"2018年6月25日","3.605","3.650","3.650","3.585","0.06%"
"2018年6月22日","3.603","3.630","3.630","3.598","0.00%"
"2018年6月21日","3.603","3.640","3.640","3.588","-0.33%"
"2018年6月20日","3.615","3.620","3.620","3.590","0.14%"
"2018年6月19日","3.610","3.650","3.675","3.610","-1.01%"
"2018年6月15日","3.647","3.722","3.722","3.628","-0.90%"
"2018年6月14日","3.680","3.721","3.721","3.680","-0.86%"
"2018年6月13日","3.712","3.690","3.713","3.687","0.65%"
"2018年6月12日","3.688","3.695","3.697","3.687","0.49%"
"2018年6月11日","3.670","3.720","3.720","3.660","-0.49%"
"2018年6月8日","3.688","3.707","3.707","3.645","-0.14%"
"2018年6月7日","3.693","3.697","3.707","3.680","0.00%"
"2018年6月6日","3.693","3.698","3.700","3.678","0.27%"
"2018年6月5日","3.683","3.680","3.693","3.673","0.44%"
"2018年6月4日","3.667","3.680","3.680","3.650","0.52%"
"2018年6月1日","3.648","3.666","3.666","3.648","0.05%"
"2018年5月31日","3.646","3.655","3.655","3.635","0.69%"
"2018年5月30日","3.621","3.670","3.670","3.621","-0.52%"
"2018年5月29日","3.640","3.670","3.670","3.633","-0.08%"
"2018年5月28日","3.643","3.640","3.643","3.635","-1.14%"
"2018年5月25日","3.685","3.693","3.693","3.648","0.33%"
"2018年5月24日","3.673","3.710","3.710","3.667","-0.78%"
"2018年5月23日","3.702","3.730","3.730","3.692","-0.08%"
"2018年5月22日","3.705","3.745","3.745","3.673","-0.46%"
"2018年5月21日","3.722","3.780","3.780","3.718","0.00%"
"2018年5月20日","3.722","3.722","3.722","3.722","0.00%"
"2018年5月18日","3.722","3.772","3.772","3.713","-0.24%"
"2018年5月17日","3.731","3.760","3.760","3.726","0.21%"
"2018年5月16日","3.723","3.753","3.753","3.723","0.00%"
"2018年5月15日","3.723","3.738","3.738","3.713","0.27%"
"2018年5月14日","3.713","3.720","3.720","3.695","0.08%"
"2018年5月11日","3.710","3.731","3.746","3.699","-0.30%"
"2018年5月10日","3.721","3.728","3.737","3.713","0.16%"
"2018年5月9日","3.715","3.703","3.725","3.703","0.49%"
"2018年5月8日","3.697","3.670","3.697","3.652","1.07%"
"2018年5月7日","3.658","3.700","3.700","3.648","0.03%"
"2018年5月4日","3.657","3.730","3.730","3.643","-0.41%"
"2018年5月3日","3.672","3.673","3.675","3.662","-0.22%"
"2018年5月2日","3.680","3.700","3.700","3.660","0.74%"
"2018年4月28日","3.653","3.662","3.677","3.650","-0.25%"
"2018年4月27日","3.662","3.640","3.663","3.637","0.60%"
"2018年4月26日","3.640","3.627","3.659","3.626","0.64%"
"2018年4月25日","3.617","3.597","3.623","3.597","0.56%"
"2018年4月24日","3.597","3.603","3.615","3.578","-0.17%"
"2018年4月23日","3.603","3.620","3.620","3.548","1.78%"
"2018年4月20日","3.540","3.531","3.540","3.522","0.23%"
"2018年4月19日","3.532","3.610","3.610","3.520","-2.08%"
"2018年4月18日","3.607","3.668","3.668","3.575","-1.90%"
"2018年4月17日","3.677","3.753","3.753","3.673","-1.10%"
"2018年4月16日","3.718","3.780","3.780","3.718","-0.59%"
"2018年4月13日","3.740","3.763","3.763","3.733","0.13%"
"2018年4月12日","3.735","3.754","3.754","3.731","-0.35%"
"2018年4月11日","3.748","3.757","3.757","3.740","0.54%"
"2018年4月10日","3.728","3.747","3.747","3.726","-0.13%"
"2018年4月9日","3.733","3.735","3.747","3.733","-0.45%"
"2018年4月8日","3.750","3.740","3.750","3.740","0.27%"
"2018年4月7日","3.740","3.740","3.740","3.740","0.00%"
"2018年4月6日","3.740","3.745","3.745","3.740","-0.13%"
"2018年4月4日","3.745","3.748","3.767","3.728","-0.08%"
"2018年4月3日","3.748","3.747","3.780","3.745","0.03%"
"2018年4月2日","3.747","3.800","3.800","3.746","-0.82%"
"2018年3月30日","3.778","3.803","3.803","3.767","0.21%"
"2018年3月29日","3.770","3.783","3.783","3.752","0.53%"
"2018年3月28日","3.750","3.762","3.770","3.747","-0.61%"
"2018年3月27日","3.773","3.773","3.773","3.750","0.83%"
"2018年3月26日","3.742","3.810","3.810","3.733","-0.53%"
"2018年3月23日","3.762","3.790","3.790","3.742","-0.19%"
"2018年3月22日","3.769","3.834","3.837","3.769","-0.92%"
"2018年3月21日","3.804","3.810","3.818","3.792","-0.16%"
"2018年3月20日","3.810","3.875","3.875","3.805","-0.47%"
"2018年3月19日","3.828","3.935","3.935","3.823","-0.78%"
"2018年3月16日","3.858","3.863","3.880","3.849","-0.13%"
"2018年3月15日","3.863","3.882","3.882","3.852","0.05%"
"2018年3月14日","3.861","3.871","3.871","3.848","0.10%"
"2018年3月13日","3.857","3.848","3.869","3.848","0.23%"
"2018年3月12日","3.848","3.900","3.900","3.848","-0.05%"
"2018年3月9日","3.850","3.867","3.867","3.848","-0.03%"
"2018年3月8日","3.851","3.885","3.885","3.851","-0.36%"
"2018年3月7日","3.865","3.895","3.895","3.865","-0.28%"
"2018年3月6日","3.876","3.860","3.925","3.860","0.34%"
"2018年3月5日","3.863","3.975","3.975","3.855","-0.08%"
"2018年3月2日","3.866","3.918","3.918","3.850","0.34%"
"2018年3月1日","3.853","3.860","3.875","3.852","-0.10%"
"2018年2月28日","3.857","3.898","3.898","3.847","-0.44%"
"2018年2月27日","3.874","3.902","3.902","3.866","-0.33%"
"2018年2月26日","3.887","3.900","3.900","3.883","-0.23%"
"2018年2月24日","3.896","3.895","3.960","3.878","0.03%"
"2018年2月23日","3.895","3.902","3.919","3.895","-0.05%"
"2018年2月22日","3.897","3.950","3.950","3.893","-0.08%"
"2018年2月18日","3.900","3.900","3.900","3.900","0.00%"
"2018年2月14日","3.900","3.922","3.922","3.900","-0.38%"
"2018年2月13日","3.915","3.925","3.925","3.900","0.20%"
"2018年2月12日","3.907","3.940","3.940","3.907","-0.08%"
"2018年2月11日","3.910","3.920","3.920","3.910","0.21%"
"2018年2月10日","3.902","3.902","3.902","3.902","0.00%"
"2018年2月9日","3.902","3.920","3.920","3.892","0.10%"
"2018年2月8日","3.898","3.931","3.931","3.898","-0.13%"
"2018年2月7日","3.903","3.958","3.958","3.903","-0.36%"
"2018年2月6日","3.917","3.945","3.945","3.915","-0.20%"
"2018年2月5日","3.925","3.990","3.990","3.911","0.00%"
"2018年2月2日","3.925","3.942","3.962","3.901","-0.15%"
"2018年2月1日","3.931","3.986","3.986","3.909","-0.33%"
"2018年1月31日","3.944","3.961","3.978","3.937","-0.25%"
"2018年1月30日","3.954","3.962","3.972","3.951","-0.10%"
"2018年1月29日","3.958","4.000","4.000","3.944","0.15%"
"2018年1月26日","3.952","3.999","3.999","3.942","-0.08%"
"2018年1月25日","3.955","3.965","3.978","3.953","-0.18%"
"2018年1月24日","3.962","3.993","3.993","3.958","-0.20%"
"2018年1月23日","3.970","4.050","4.050","3.953","-2.48%"
"2018年1月22日","4.071","4.120","4.120","4.042","0.27%"
"2018年1月19日","4.060","4.057","4.060","4.040","0.52%"
"2018年1月18日","4.039","4.053","4.055","4.030","0.22%"
"2018年1月17日","4.030","4.027","4.034","4.024","0.15%"
"2018年1月16日","4.024","4.019","4.034","4.014","0.22%"
"2018年1月15日","4.015","4.050","4.050","4.015","1.21%"
"2018年1月12日","3.967","3.961","3.974","3.953","0.23%"
"2018年1月11日","3.958","3.965","3.973","3.945","0.71%"
"2018年1月10日","3.930","3.930","3.933","3.912","0.26%"
"2018年1月9日","3.920","3.924","3.950","3.907","-0.10%"
"2018年1月8日","3.924","3.950","3.950","3.921","-0.28%"
"2018年1月5日","3.935","3.944","3.948","3.923","-0.08%"
"2018年1月4日","3.938","3.930","3.943","3.927","0.46%"
"2018年1月3日","3.920","3.918","3.932","3.905","0.05%"
"2018年1月2日","3.918","3.950","3.950","3.881","0.08%"
"2017年12月29日","3.915","3.938","3.938","3.915","0.05%"
"2017年12月28日","3.913","3.913","3.929","3.911","0.00%"
"2017年12月27日","3.913","3.914","3.919","3.906","0.28%"
"2017年12月26日","3.902","3.908","3.914","3.901","-0.33%"
"2017年12月25日","3.915","3.920","3.920","3.880","-0.03%"
"2017年12月22日","3.916","3.953","3.953","3.912","-0.13%"
"2017年12月21日","3.921","3.953","3.953","3.921","0.10%"
"2017年12月20日","3.917","3.950","3.950","3.909","0.26%"
"2017年12月19日","3.907","3.930","3.930","3.900","-0.03%"
"2017年12月18日","3.908","3.980","3.980","3.890","-0.43%"
"2017年12月16日","3.925","3.925","3.925","3.925","0.00%"
"2017年12月15日","3.925","3.947","3.970","3.923","-0.38%"
"2017年12月14日","3.940","3.970","3.970","3.927","-0.51%"
"2017年12月13日","3.960","3.995","3.995","3.930","-0.25%"
"2017年12月12日","3.970","3.963","3.970","3.954","0.68%"
"2017年12月11日","3.943","3.950","3.950","3.940","0.59%"
"2017年12月9日","3.920","3.915","3.920","3.915","0.13%"
"2017年12月8日","3.915","3.919","3.919","3.910","0.41%"
"2017年12月7日","3.899","3.928","3.928","3.895","0.05%"
"2017年12月6日","3.897","3.900","3.907","3.895","-0.18%"
"2017年12月5日","3.904","3.935","3.935","3.898","-0.15%"
"2017年12月4日","3.910","3.930","3.940","3.890","0.51%"
"2017年12月3日","3.890","3.890","3.890","3.890","-0.59%"
"2017年12月2日","3.913","3.913","3.913","3.913","0.00%"
"2017年12月1日","3.913","3.925","3.938","3.893","-0.10%"
"2017年11月30日","3.917","3.968","3.968","3.917","-0.79%"
"2017年11月29日","3.948","3.984","3.990","3.938","-0.70%"
"2017年11月28日","3.976","3.999","3.999","3.975","-0.15%"
"2017年11月27日","3.982","3.955","3.982","3.955","0.68%"
"2017年11月26日","3.955","3.955","3.955","3.955","-0.98%"
"2017年11月25日","3.994","3.994","3.994","3.994","0.28%"
"2017年11月24日","3.983","4.008","4.008","3.975","-0.50%"
"2017年11月23日","4.003","3.993","4.019","3.975","0.25%"
"2017年11月22日","3.993","3.985","3.993","3.975","0.76%"
"2017年11月21日","3.963","3.955","3.973","3.948","0.00%"
"2017年11月20日","3.963","4.020","4.020","3.958","0.41%"
"2017年11月17日","3.947","3.940","3.970","3.940","0.25%"
"2017年11月16日","3.937","3.963","4.015","3.932","-0.78%"
"2017年11月15日","3.968","3.993","4.023","3.963","-0.50%"
"2017年11月14日","3.988","3.974","4.033","3.965","0.58%"
"2017年11月13日","3.965","3.920","3.975","3.920","0.89%"
"2017年11月12日","3.930","3.930","3.930","3.930","0.13%"
"2017年11月11日","3.925","3.925","3.925","3.925","0.18%"
"2017年11月10日","3.918","3.970","3.970","3.910","0.38%"
"2017年11月9日","3.903","3.920","3.920","3.891","0.26%"
"2017年11月8日","3.893","3.950","3.950","3.890","-0.08%"
"2017年11月7日","3.896","3.900","3.900","3.871","0.46%"
"2017年11月6日","3.878","3.900","3.900","3.873","-0.56%"
"2017年11月3日","3.900","3.897","3.907","3.888","0.28%"
"2017年11月2日","3.889","3.917","3.917","3.877","0.18%"
"2017年11月1日","3.882","3.919","3.935","3.881","-0.87%"
"2017年10月31日","3.916","3.870","3.917","3.870","0.67%"
"2017年10月30日","3.890","3.880","3.917","3.820","1.73%"
"2017年10月29日","3.824","3.824","3.824","3.824","0.00%"
"2017年10月27日","3.824","3.793","3.838","3.793","0.82%"
"2017年10月26日","3.793","3.777","3.801","3.770","0.69%"
"2017年10月25日","3.767","3.757","3.767","3.745","0.91%"
"2017年10月24日","3.733","3.750","3.750","3.732","-0.03%"
"2017年10月23日","3.734","3.750","3.750","3.729","0.00%"
"2017年10月22日","3.734","3.734","3.734","3.734","0.00%"
"2017年10月20日","3.734","3.762","3.762","3.726","0.03%"
"2017年10月19日","3.733","3.755","3.755","3.725","-0.40%"
"2017年10月18日","3.748","3.740","3.760","3.730","0.35%"
"2017年10月17日","3.735","3.706","3.743","3.706","0.84%"
"2017年10月16日","3.704","3.750","3.750","3.697","0.60%"
"2017年10月13日","3.682","3.678","3.683","3.663","0.14%"
"2017年10月12日","3.677","3.689","3.689","3.666","0.08%"
"2017年10月11日","3.674","3.669","3.674","3.668","0.16%"
"2017年10月10日","3.668","3.680","3.680","3.648","0.41%"
"2017年10月9日","3.653","3.700","3.700","3.630","0.41%"
"2017年10月3日","3.638","3.638","3.638","3.638","0.00%"
"2017年9月30日","3.638","3.638","3.638","3.638","0.17%"
"2017年9月29日","3.632","3.671","3.671","3.632","0.06%"
"2017年9月28日","3.630","3.640","3.648","3.630","-0.08%"
"2017年9月27日","3.633","3.642","3.642","3.627","0.36%"
"2017年9月26日","3.620","3.641","3.641","3.617","-0.63%"
"2017年9月25日","3.643","3.700","3.700","3.599","0.08%"
"2017年9月22日","3.640","3.650","3.650","3.633","-0.05%"
"2017年9月21日","3.642","3.641","3.654","3.625","0.19%"
"2017年9月20日","3.635","3.658","3.658","3.630","-0.08%"
"2017年9月19日","3.638","3.642","3.642","3.622","0.44%"
"2017年9月18日","3.622","3.700","3.700","3.610","0.36%"
"2017年9月15日","3.609","3.669","3.669","3.609","-0.80%"
"2017年9月14日","3.638","3.657","3.657","3.623","-0.16%"
"2017年9月13日","3.644","3.668","3.668","3.636","0.30%"
"2017年9月12日","3.633","3.657","3.657","3.623","0.33%"
"2017年9月11日","3.621","3.700","3.700","3.603","-0.11%"
"2017年9月8日","3.625","3.676","3.676","3.620","-0.41%"
"2017年9月7日","3.640","3.677","3.680","3.640","-1.01%"
"2017年9月6日","3.677","3.679","3.685","3.675","-0.03%"
"2017年9月5日","3.678","3.667","3.678","3.658","0.63%"
"2017年9月4日","3.655","3.650","3.655","3.645","-0.73%"
"2017年9月2日","3.682","3.682","3.682","3.682","0.00%"
"2017年9月1日","3.682","3.714","3.714","3.676","0.19%"
"2017年8月31日","3.675","3.736","3.736","3.668","-0.22%"
"2017年8月30日","3.683","3.711","3.711","3.680","-0.30%"
"2017年8月29日","3.694","3.711","3.711","3.686","-0.22%"
"2017年8月28日","3.702","3.680","3.702","3.678","0.46%"
"2017年8月25日","3.685","3.689","3.695","3.672","0.27%"
"2017年8月24日","3.675","3.684","3.707","3.668","0.00%"
"2017年8月23日","3.675","3.685","3.685","3.646","0.27%"
"2017年8月22日","3.665","3.662","3.670","3.652","0.44%"
"2017年8月21日","3.649","3.645","3.663","3.645","0.11%"
"2017年8月20日","3.645","3.645","3.645","3.645","0.11%"
"2017年8月19日","3.641","3.641","3.641","3.641","0.00%"
"2017年8月18日","3.641","3.630","3.641","3.602","0.66%"
"2017年8月17日","3.617","3.656","3.656","3.617","-0.19%"
"2017年8月16日","3.624","3.633","3.636","3.613","0.17%"
"2017年8月15日","3.618","3.656","3.656","3.603","-0.36%"
"2017年8月14日","3.631","3.680","3.680","3.630","-0.25%"
"2017年8月11日","3.640","3.684","3.684","3.640","-0.98%"
"2017年8月10日","3.676","3.686","3.691","3.676","-0.11%"
"2017年8月9日","3.680","3.683","3.683","3.668","0.00%"
"2017年8月8日","3.680","3.666","3.683","3.666","0.60%"
"2017年8月7日","3.658","3.670","3.670","3.646","0.55%"
"2017年8月6日","3.638","3.638","3.638","3.638","0.00%"
"2017年8月4日","3.638","3.655","3.655","3.632","-0.16%"
"2017年8月3日","3.644","3.646","3.651","3.633","-0.11%"
"2017年8月2日","3.648","3.646","3.656","3.639","0.05%"
"2017年8月1日","3.646","3.640","3.650","3.632","0.47%"
"2017年7月31日","3.629","3.630","3.640","3.615","0.19%"
"2017年7月28日","3.622","3.628","3.643","3.613","-0.28%"
"2017年7月27日","3.632","3.623","3.635","3.614","0.28%"
"2017年7月26日","3.622","3.621","3.624","3.609","0.67%"
"2017年7月25日","3.598","3.593","3.610","3.590","-0.03%"
"2017年7月24日","3.599","3.600","3.600","3.584","0.17%"
"2017年7月21日","3.593","3.593","3.598","3.580","-0.19%"
"2017年7月20日","3.600","3.607","3.607","3.588","0.06%"
"2017年7月19日","3.598","3.600","3.600","3.588","0.14%"
"2017年7月18日","3.593","3.580","3.594","3.580","0.31%"
"2017年7月17日","3.582","3.583","3.616","3.553","-0.08%"
"2017年7月16日","3.585","3.585","3.585","3.585","0.00%"
"2017年7月14日","3.585","3.583","3.593","3.575","-0.06%"
"2017年7月13日","3.587","3.590","3.597","3.575","-0.28%"
"2017年7月12日","3.597","3.617","3.617","3.591","-0.33%"
"2017年7月11日","3.609","3.630","3.630","3.595","0.00%"
"2017年7月10日","3.609","3.590","3.623","3.590","0.33%"
"2017年7月7日","3.597","3.602","3.612","3.589","0.03%"
"2017年7月6日","3.596","3.617","3.617","3.586","-0.72%"
"2017年7月5日","3.622","3.628","3.628","3.614","-0.03%"
"2017年7月4日","3.623","3.616","3.624","3.608","0.69%"
"2017年7月3日","3.598","3.580","3.600","3.560","0.56%"
"2017年7月2日","3.578","3.578","3.578","3.578","0.00%"
"2017年7月1日","3.578","3.578","3.578","3.578","0.00%"
"2017年6月30日","3.578","3.573","3.582","3.568","0.53%"
"2017年6月29日","3.559","3.543","3.559","3.538","0.54%"
"2017年6月28日","3.540","3.528","3.542","3.528","0.14%"
"2017年6月27日","3.535","3.569","3.569","3.533","-0.87%"
"2017年6月26日","3.566","3.600","3.600","3.548","-0.11%"
"2017年6月25日","3.570","3.570","3.570","3.570","0.00%"
"2017年6月24日","3.570","3.570","3.570","3.570","0.00%"
"2017年6月23日","3.570","3.555","3.570","3.535","0.51%"
"2017年6月22日","3.552","3.528","3.557","3.523","1.43%"
"2017年6月21日","3.502","3.505","3.505","3.490","0.37%"
"2017年6月20日","3.489","3.554","3.554","3.488","-1.58%"
"2017年6月19日","3.545","3.540","3.570","3.538","0.14%"
"2017年6月18日","3.540","3.540","3.540","3.540","-0.53%"
"2017年6月17日","3.559","3.559","3.559","3.559","0.08%"
"2017年6月16日","3.556","3.547","3.569","3.535","0.71%"
"2017年6月15日","3.531","3.552","3.572","3.519","-0.87%"
"2017年6月14日","3.562","3.593","3.593","3.562","-0.22%"
"2017年6月13日","3.570","3.598","3.620","3.554","-1.30%"
"2017年6月12日","3.617","3.670","3.670","3.600","-1.39%"
"2017年6月9日","3.668","3.680","3.684","3.650","0.03%"
"2017年6月8日","3.667","3.683","3.683","3.663","0.08%"
"2017年6月7日","3.664","3.662","3.683","3.660","0.38%"
"2017年6月6日","3.650","3.650","3.659","3.638","-0.03%"
"2017年6月5日","3.651","3.700","3.725","3.633","0.03%"
"2017年6月2日","3.650","3.655","3.655","3.632","0.16%"
"2017年6月1日","3.644","3.677","3.678","3.637","-0.71%"
"2017年5月31日","3.670","3.700","3.700","3.662","-0.27%"
"2017年5月27日","3.680","3.680","3.680","3.680","-0.11%"
"2017年5月26日","3.684","3.705","3.705","3.680","-0.14%"
"2017年5月25日","3.689","3.703","3.703","3.670","-0.30%"
"2017年5月24日","3.700","3.693","3.700","3.690","0.30%"
"2017年5月23日","3.689","3.684","3.689","3.672","0.74%"
"2017年5月22日","3.662","3.700","3.700","3.648","0.69%"
"2017年5月19日","3.637","3.662","3.662","3.626","-0.36%"
"2017年5月18日","3.650","3.666","3.666","3.627","0.14%"
"2017年5月17日","3.645","3.650","3.655","3.639","-0.11%"
"2017年5月16日","3.649","3.684","3.684","3.637","-0.38%"
"2017年5月15日","3.663","3.710","3.710","3.650","-0.16%"
"2017年5月12日","3.669","3.711","3.711","3.660","-0.92%"
"2017年5月11日","3.703","3.682","3.717","3.681","0.93%"
"2017年5月10日","3.669","3.638","3.673","3.617","0.80%"
"2017年5月9日","3.640","3.617","3.640","3.604","1.08%"
"2017年5月8日","3.601","3.580","3.601","3.575","0.76%"
"2017年5月7日","3.574","3.574","3.574","3.574","0.00%"
"2017年5月5日","3.574","3.563","3.575","3.552","0.65%"
"2017年5月4日","3.551","3.516","3.553","3.495","1.08%"
"2017年5月3日","3.513","3.506","3.519","3.494","0.46%"
"2017年5月2日","3.497","3.500","3.500","3.455","0.58%"
"2017年4月28日","3.477","3.495","3.495","3.463","0.23%"
"2017年4月27日","3.469","3.496","3.496","3.460","-0.17%"
"2017年4月26日","3.475","3.517","3.517","3.475","-1.05%"
"2017年4月25日","3.512","3.498","3.519","3.492","0.54%"
"2017年4月24日","3.493","3.490","3.510","3.475","1.13%"
"2017年4月22日","3.454","3.454","3.454","3.454","0.00%"
"2017年4月21日","3.454","3.446","3.456","3.431","0.55%"
"2017年4月20日","3.435","3.441","3.443","3.429","0.06%"
"2017年4月19日","3.433","3.458","3.458","3.413","-0.03%"
"2017年4月18日","3.434","3.422","3.441","3.415","0.97%"
"2017年4月17日","3.401","3.415","3.415","3.370","1.25%"
"2017年4月14日","3.359","3.348","3.359","3.334","0.48%"
"2017年4月13日","3.343","3.342","3.348","3.330","0.03%"
"2017年4月12日","3.342","3.337","3.355","3.325","0.18%"
"2017年4月11日","3.336","3.339","3.348","3.334","0.42%"
"2017年4月10日","3.322","3.330","3.330","3.295","0.58%"
"2017年4月7日","3.303","3.368","3.368","3.303","-0.81%"
"2017年4月6日","3.330","3.317","3.336","3.317","0.67%"
"2017年4月5日","3.308","3.370","3.370","3.280","0.30%"
"2017年4月3日","3.298","3.298","3.298","3.298","0.00%"
"2017年4月1日","3.298","3.298","3.298","3.298","-0.36%"
"2017年3月31日","3.310","3.332","3.332","3.309","0.18%"
"2017年3月30日","3.304","3.310","3.313","3.295","0.36%"
"2017年3月29日","3.292","3.313","3.313","3.281","0.55%"
"2017年3月28日","3.274","3.300","3.300","3.263","-0.06%"
"2017年3月27日","3.276","3.280","3.280","3.257","-0.91%"
"2017年3月26日","3.306","3.306","3.306","3.306","0.00%"
"2017年3月24日","3.306","3.355","3.355","3.305","-0.75%"
"2017年3月23日","3.331","3.354","3.354","3.325","-0.21%"
"2017年3月22日","3.338","3.363","3.363","3.330","0.09%"
"2017年3月21日","3.335","3.356","3.356","3.335","-0.09%"
"2017年3月20日","3.338","3.350","3.350","3.320","0.21%"
"2017年3月18日","3.331","3.331","3.331","3.331","0.00%"
"2017年3月17日","3.331","3.349","3.359","3.329","-0.72%"
"2017年3月16日","3.355","3.388","3.388","3.327","-0.89%"
"2017年3月15日","3.385","3.407","3.430","3.385","-0.47%"
"2017年3月14日","3.401","3.450","3.450","3.389","-0.82%"
"2017年3月13日","3.429","3.450","3.450","3.421","-0.20%"
"2017年3月10日","3.436","3.451","3.451","3.436","0.00%"
"2017年3月9日","3.436","3.430","3.436","3.410","1.06%"
"2017年3月8日","3.400","3.393","3.400","3.386","0.41%"
"2017年3月7日","3.386","3.388","3.395","3.378","0.15%"
"2017年3月6日","3.381","3.380","3.391","3.363","-1.20%"
"2017年3月3日","3.422","3.414","3.423","3.410","0.35%"
"2017年3月2日","3.410","3.387","3.415","3.383","1.04%"
"2017年3月1日","3.375","3.395","3.395","3.360","0.51%"
"2017年2月28日","3.358","3.382","3.382","3.353","0.24%"
"2017年2月27日","3.350","3.400","3.400","3.342","-0.45%"
"2017年2月24日","3.365","3.387","3.387","3.361","0.09%"
"2017年2月23日","3.362","3.404","3.404","3.362","-0.50%"
"2017年2月22日","3.379","3.407","3.408","3.379","-0.18%"
"2017年2月21日","3.385","3.386","3.386","3.357","0.30%"
"2017年2月20日","3.375","3.400","3.400","3.375","-1.11%"
"2017年2月17日","3.413","3.445","3.445","3.413","-1.02%"
"2017年2月16日","3.448","3.480","3.480","3.448","-0.03%"
"2017年2月15日","3.449","3.475","3.475","3.448","0.03%"
"2017年2月14日","3.448","3.448","3.453","3.430","0.09%"
"2017年2月13日","3.445","3.500","3.500","3.441","0.47%"
"2017年2月10日","3.429","3.428","3.443","3.417","-0.64%"
"2017年2月9日","3.451","3.464","3.473","3.448","-0.55%"
"2017年2月8日","3.470","3.487","3.490","3.465","-0.46%"
"2017年2月7日","3.486","3.490","3.490","3.472","0.90%"
"2017年2月6日","3.455","3.500","3.500","3.445","0.88%"
"2017年2月4日","3.425","3.425","3.425","3.425","0.79%"
"2017年2月3日","3.398","3.400","3.450","3.390","1.04%"
"2017年1月27日","3.363","3.363","3.363","3.363","0.00%"
"2017年1月26日","3.363","3.343","3.363","3.343","0.87%"
"2017年1月25日","3.334","3.320","3.350","3.320","1.15%"
"2017年1月24日","3.296","3.302","3.302","3.277","0.40%"
"2017年1月23日","3.283","3.289","3.295","3.279","0.03%"
"2017年1月22日","3.282","3.282","3.282","3.282","0.03%"
"2017年1月20日","3.281","3.308","3.308","3.280","-0.09%"
"2017年1月19日","3.284","3.293","3.295","3.284","0.21%"
"2017年1月18日","3.277","3.280","3.280","3.270","0.52%"
"2017年1月17日","3.260","3.274","3.282","3.259","0.80%"
"2017年1月16日","3.234","3.250","3.250","3.221","0.50%"
"2017年1月13日","3.218","3.239","3.239","3.213","0.06%"
"2017年1月12日","3.216","3.240","3.240","3.214","-0.12%"
"2017年1月11日","3.220","3.205","3.225","3.197","0.85%"
"2017年1月10日","3.193","3.223","3.223","3.183","-0.47%"
"2017年1月9日","3.208","3.250","3.250","3.200","-0.62%"
"2017年1月6日","3.228","3.230","3.233","3.214","0.40%"
"2017年1月5日","3.215","3.174","3.229","3.174","2.10%"
"2017年1月4日","3.149","3.087","3.149","3.087","2.98%"
"2017年1月3日","3.058","3.030","3.078","3.030","-0.26%"
"2016年12月30日","3.066","3.131","3.131","3.066","-1.92%"
"2016年12月29日","3.126","3.182","3.182","3.123","-1.91%"
"2016年12月28日","3.187","3.186","3.199","3.182","0.28%"
"2016年12月27日","3.178","3.194","3.194","3.170","-0.47%"
"2016年12月26日","3.193","3.300","3.300","3.193","-0.68%"
"2016年12月23日","3.215","3.265","3.265","3.215","-1.92%"
"2016年12月22日","3.278","3.343","3.351","3.278","-3.10%"
"2016年12月21日","3.383","3.399","3.401","3.377","-0.12%"
"2016年12月20日","3.387","3.367","3.392","3.363","1.35%"
"2016年12月19日","3.342","3.300","3.353","3.300","0.36%"
"2016年12月16日","3.330","3.296","3.346","3.276","3.19%"
"2016年12月15日","3.227","3.233","3.233","3.220","0.28%"
"2016年12月14日","3.218","3.203","3.218","3.188","1.13%"
"2016年12月13日","3.182","3.144","3.193","3.144","1.50%"
"2016年12月12日","3.135","3.075","3.139","3.056","1.23%"
"2016年12月9日","3.097","3.092","3.107","3.090","-0.10%"
"2016年12月8日","3.100","3.111","3.120","3.092","-0.48%"
"2016年12月7日","3.115","3.104","3.125","3.068","0.97%"
"2016年12月6日","3.085","3.045","3.092","3.026","1.48%"
"2016年12月5日","3.040","3.032","3.068","3.003","0.46%"
"2016年12月2日","3.026","2.997","3.033","2.992","1.14%"
"2016年12月1日","2.992","2.948","2.998","2.948","1.66%"
"2016年11月30日","2.943","2.901","2.964","2.899","1.24%"
"2016年11月29日","2.907","2.870","2.907","2.868","1.11%"
"2016年11月28日","2.875","2.855","2.896","2.815","-0.03%"
"2016年11月25日","2.876","2.863","2.878","2.863","0.49%"
"2016年11月24日","2.862","2.885","2.917","2.855","-0.66%"
"2016年11月23日","2.881","2.900","2.913","2.876","-0.59%"
"2016年11月22日","2.898","2.913","2.925","2.891","-0.31%"
"2016年11月21日","2.907","2.925","2.947","2.893","-0.48%"
"2016年11月18日","2.921","2.909","2.932","2.905","0.76%"
"2016年11月17日","2.899","2.882","2.906","2.882","0.83%"
"2016年11月16日","2.875","2.885","2.897","2.870","-0.14%"
"2016年11月15日","2.879","2.860","2.898","2.860","0.77%"
"2016年11月14日","2.857","2.826","2.865","2.814","0.99%"
"2016年11月11日","2.829","2.800","2.829","2.800","1.25%"
"2016年11月10日","2.794","2.785","2.797","2.780","0.54%"
"2016年11月9日","2.779","2.770","2.780","2.769","0.40%"
"2016年11月8日","2.768","2.766","2.776","2.761","0.33%"
"2016年11月7日","2.759","2.726","2.760","2.688","0.55%"
"2016年11月4日","2.744","2.742","2.763","2.738","0.04%"
"2016年11月3日","2.743","2.757","2.772","2.742","-0.36%"
"2016年11月2日","2.753","2.761","2.777","2.750","-0.11%"
"2016年11月1日","2.756","2.753","2.759","2.750","0.44%"
"2016年10月31日","2.744","2.691","2.744","2.601","0.70%"
"2016年10月28日","2.725","2.748","2.772","2.725","-0.62%"
"2016年10月27日","2.742","2.763","2.763","2.740","0.26%"
"2016年10月26日","2.735","2.748","2.748","2.730","0.66%"
"2016年10月25日","2.717","2.718","2.718","2.706","0.63%"
"2016年10月24日","2.700","2.720","2.720","2.670","1.50%"
"2016年10月21日","2.660","2.700","2.700","2.655","-1.55%"
"2016年10月20日","2.702","2.758","2.758","2.702","-0.77%"
"2016年10月19日","2.723","2.755","2.755","2.721","-0.40%"
"2016年10月18日","2.734","2.748","2.748","2.730","-0.07%"
"2016年10月17日","2.736","2.780","2.780","2.725","0.04%"
"2016年10月15日","2.735","2.735","2.735","2.735","0.00%"
"2016年10月14日","2.735","2.758","2.758","2.730","-0.33%"
"2016年10月13日","2.744","2.758","2.758","2.743","0.07%"
"2016年10月12日","2.742","2.750","2.750","2.731","0.59%"
"2016年10月11日","2.726","2.753","2.753","2.726","-0.22%"
"2016年10月10日","2.732","2.765","2.765","2.728","-0.44%"
"2016年10月9日","2.744","2.744","2.744","2.744","-0.76%"
"2016年10月8日","2.765","2.765","2.765","2.765","-0.14%"
"2016年9月30日","2.769","2.783","2.783","2.769","0.22%"
"2016年9月29日","2.763","2.775","2.775","2.762","0.18%"
"2016年9月28日","2.758","2.775","2.775","2.758","0.00%"
"2016年9月27日","2.758","2.780","2.780","2.753","-0.29%"
"2016年9月26日","2.766","2.790","2.790","2.756","-0.54%"
"2016年9月25日","2.781","2.781","2.781","2.781","0.00%"
"2016年9月24日","2.781","2.781","2.781","2.781","0.00%"
"2016年9月23日","2.781","2.800","2.800","2.767","-0.18%"
"2016年9月22日","2.786","2.793","2.793","2.784","-0.04%"
"2016年9月21日","2.787","2.810","2.810","2.784","-0.07%"
"2016年9月20日","2.789","2.820","2.820","2.774","-0.43%"
"2016年9月19日","2.801","2.808","2.812","2.799","-0.25%"
"2016年9月18日","2.808","2.808","2.808","2.808","0.83%"
"2016年9月17日","2.785","2.785","2.785","2.785","0.00%"
"2016年9月16日","2.785","2.785","2.896","2.663","-0.71%"
"2016年9月15日","2.805","2.797","2.805","2.797","0.29%"
"2016年9月14日","2.797","2.814","2.825","2.793","-0.50%"
"2016年9月13日","2.811","2.817","2.826","2.808","0.00%"
"2016年9月12日","2.811","2.778","2.814","2.715","0.07%"
"2016年9月9日","2.809","2.820","2.834","2.804","-0.50%"
"2016年9月8日","2.823","2.813","2.824","2.813","0.43%"
"2016年9月7日","2.811","2.817","2.818","2.808","0.29%"
"2016年9月6日","2.803","2.813","2.813","2.797","0.14%"
"2016年9月5日","2.799","2.820","2.820","2.795","0.04%"
"2016年9月3日","2.798","2.799","2.799","2.798","-0.04%"
"2016年9月2日","2.799","2.815","2.815","2.780","-0.11%"
"2016年9月1日","2.802","2.825","2.825","2.801","-0.11%"
"2016年8月31日","2.805","2.803","2.810","2.800","0.43%"
"2016年8月30日","2.793","2.777","2.795","2.765","1.20%"
"2016年8月29日","2.760","2.800","2.800","2.747","-0.14%"
"2016年8月26日","2.764","2.804","2.804","2.764","-0.65%"
"2016年8月25日","2.782","2.800","2.800","2.738","0.29%"
"2016年8月24日","2.774","2.773","2.782","2.765","0.73%"
"2016年8月23日","2.754","2.763","2.763","2.734","0.55%"
"2016年8月22日","2.739","2.770","2.770","2.726","0.70%"
"2016年8月19日","2.720","2.727","2.732","2.716","0.26%"
"2016年8月18日","2.713","2.715","2.723","2.710","0.07%"
"2016年8月17日","2.711","2.693","2.713","2.690","1.19%"
"2016年8月16日","2.679","2.700","2.700","2.665","-0.41%"
"2016年8月15日","2.690","2.723","2.733","2.620","-0.55%"
"2016年8月14日","2.705","2.705","2.705","2.705","0.00%"
"2016年8月13日","2.705","2.705","2.705","2.705","0.00%"
"2016年8月12日","2.705","2.723","2.733","2.705","-0.33%"
"2016年8月11日","2.714","2.733","2.733","2.713","-0.33%"
"2016年8月10日","2.723","2.795","2.795","2.717","-1.41%"
"2016年8月9日","2.762","2.808","2.808","2.748","-0.40%"
"2016年8月8日","2.773","2.770","2.777","2.765","-0.32%"
"2016年8月6日","2.782","2.782","2.782","2.782","0.00%"
"2016年8月5日","2.782","2.810","2.810","2.782","-0.43%"
"2016年8月4日","2.794","2.820","2.820","2.783","-0.07%"
"2016年8月3日","2.796","2.803","2.820","2.793","0.00%"
"2016年8月2日","2.796","2.807","2.807","2.796","-0.14%"
"2016年8月1日","2.800","2.850","2.850","2.788","-0.18%"
"2016年7月29日","2.805","2.833","2.838","2.798","-0.28%"
"2016年7月28日","2.813","2.853","2.853","2.813","-0.21%"
"2016年7月27日","2.819","2.843","2.843","2.810","-0.18%"
"2016年7月26日","2.824","2.825","2.833","2.821","0.36%"
"2016年7月25日","2.814","2.810","2.817","2.798","0.39%"
"2016年7月22日","2.803","2.814","2.818","2.800","-0.39%"
"2016年7月21日","2.814","2.868","2.868","2.812","-0.78%"
"2016年7月20日","2.836","2.883","2.883","2.833","-0.46%"
"2016年7月19日","2.849","2.856","2.873","2.849","-0.04%"
"2016年7月18日","2.850","2.874","2.888","2.837","-0.25%"
"2016年7月15日","2.857","2.874","2.888","2.856","-0.49%"
"2016年7月14日","2.871","2.868","2.880","2.863","0.17%"
"2016年7月13日","2.866","2.877","2.877","2.860","0.42%"
"2016年7月12日","2.854","2.853","2.855","2.845","0.81%"
"2016年7月11日","2.831","2.820","2.860","2.817","0.39%"
"2016年7月10日","2.820","2.820","2.820","2.820","-0.18%"
"2016年7月8日","2.825","2.838","2.863","2.820","-0.63%"
"2016年7月7日","2.843","2.858","2.875","2.835","-0.59%"
"2016年7月6日","2.860","2.869","2.872","2.858","0.03%"
"2016年7月5日","2.859","2.849","2.859","2.849","0.81%"
"2016年7月4日","2.836","2.820","2.840","2.807","0.57%"
"2016年7月3日","2.820","2.820","2.820","2.820","-1.09%"
"2016年7月1日","2.851","2.871","2.875","2.841","-0.83%"
"2016年6月30日","2.875","2.886","2.888","2.867","-0.21%"
"2016年6月29日","2.881","2.873","2.884","2.867","0.63%"
"2016年6月28日","2.863","2.895","2.915","2.851","-1.38%"
"2016年6月27日","2.903","2.900","2.903","2.825","-1.59%"
"2016年6月24日","2.950","2.985","2.985","2.942","-0.20%"
"2016年6月23日","2.956","2.967","2.970","2.950","-0.20%"
"2016年6月22日","2.962","2.980","2.980","2.958","-0.20%"
"2016年6月21日","2.968","2.983","2.983","2.966","0.07%"
"2016年6月20日","2.966","2.960","2.970","2.953","0.00%"
"2016年6月17日","2.966","2.993","2.993","2.966","-0.37%"
"2016年6月16日","2.977","3.013","3.013","2.976","-0.73%"
"2016年6月15日","2.999","3.032","3.032","2.990","-0.50%"
"2016年6月14日","3.014","3.032","3.035","3.012","-0.43%"
"2016年6月13日","3.027","3.037","3.037","3.022","-0.20%"
"2016年6月12日","3.033","3.033","3.033","3.033","0.43%"
"2016年6月11日","3.020","3.020","3.020","3.020","0.00%"
"2016年6月8日","3.020","3.033","3.033","3.017","0.13%"
"2016年6月7日","3.016","3.037","3.040","3.013","-0.53%"
"2016年6月6日","3.032","3.020","3.035","3.002","-0.10%"
"2016年6月3日","3.035","3.030","3.036","3.028","0.36%"
"2016年6月2日","3.024","3.028","3.032","3.020","0.43%"
"2016年6月1日","3.011","2.997","3.018","2.995","0.53%"
"2016年5月31日","2.995","2.992","2.998","2.992","0.40%"
"2016年5月30日","2.983","3.000","3.000","2.955","0.37%"
"2016年5月27日","2.972","2.980","2.980","2.970","-0.03%"
"2016年5月26日","2.973","2.985","2.987","2.969","-0.10%"
"2016年5月25日","2.976","2.993","2.993","2.965","-0.20%"
"2016年5月24日","2.982","2.990","2.990","2.973","0.17%"
"2016年5月23日","2.977","3.000","3.000","2.950","-0.47%"
"2016年5月20日","2.991","3.017","3.017","2.989","0.03%"
"2016年5月19日","2.990","2.985","2.992","2.963","1.22%"
"2016年5月18日","2.954","2.973","2.973","2.954","0.03%"
"2016年5月17日","2.953","2.963","2.963","2.950","0.58%"
"2016年5月16日","2.936","3.000","3.000","2.936","0.27%"
"2016年5月13日","2.928","2.950","2.950","2.928","-0.14%"
"2016年5月12日","2.932","2.937","2.940","2.932","0.14%"
"2016年5月11日","2.928","2.933","2.935","2.928","0.58%"
"2016年5月10日","2.911","2.947","2.947","2.909","-0.41%"
"2016年5月9日","2.923","3.000","3.000","2.923","-0.24%"
"2016年5月6日","2.930","2.960","2.960","2.930","0.10%"
"2016年5月5日","2.927","2.960","2.960","2.927","0.03%"
"2016年5月4日","2.926","2.970","2.970","2.926","-0.44%"
"2016年5月3日","2.939","3.000","3.000","2.939","-0.24%"
"2016年4月29日","2.946","2.977","2.977","2.946","-0.24%"
"2016年4月28日","2.953","2.978","2.978","2.951","-0.24%"
"2016年4月27日","2.960","2.985","2.985","2.960","-0.40%"
"2016年4月26日","2.972","2.998","2.998","2.972","-0.03%"
"2016年4月25日","2.973","3.020","3.030","2.970","0.37%"
"2016年4月22日","2.962","2.980","2.980","2.962","-0.07%"
"2016年4月21日","2.964","2.953","2.967","2.953","0.65%"
"2016年4月20日","2.945","2.967","2.973","2.943","0.14%"
"2016年4月19日","2.941","2.977","2.977","2.941","-0.07%"
"2016年4月18日","2.943","2.970","2.970","2.940","-0.14%"
"2016年4月15日","2.947","2.943","2.970","2.935","0.00%"
"2016年4月14日","2.947","2.973","2.973","2.932","0.34%"
"2016年4月13日","2.937","2.933","2.940","2.925","0.72%"
"2016年4月12日","2.916","2.928","2.928","2.905","0.00%"
"2016年4月11日","2.916","2.980","2.980","2.905","-0.65%"
"2016年4月8日","2.935","2.920","2.939","2.913","0.72%"
"2016年4月7日","2.914","2.940","2.940","2.910","0.14%"
"2016年4月6日","2.910","2.913","2.913","2.903","0.66%"
"2016年4月5日","2.891","2.910","2.910","2.873","0.07%"
"2016年4月4日","2.889","2.889","2.889","2.889","0.00%"
"2016年4月1日","2.889","2.910","2.910","2.889","0.10%"
"2016年3月31日","2.886","2.937","2.937","2.882","-0.62%"
"2016年3月30日","2.904","2.943","2.943","2.901","-0.51%"
"2016年3月29日","2.919","2.930","2.930","2.909","0.52%"
"2016年3月28日","2.904","2.930","2.930","2.898","0.24%"
"2016年3月25日","2.897","2.920","2.920","2.890","-0.10%"
"2016年3月24日","2.900","2.920","2.920","2.891","0.17%"
"2016年3月23日","2.895","2.933","2.933","2.884","-0.07%"
"2016年3月22日","2.897","2.907","2.907","2.888","0.59%"
"2016年3月21日","2.880","2.950","2.950","2.880","-0.21%"
"2016年3月18日","2.886","2.897","2.910","2.886","0.35%"
"2016年3月17日","2.876","2.927","2.927","2.872","-0.59%"
"2016年3月16日","2.893","2.930","2.930","2.893","0.00%"
"2016年3月15日","2.893","2.907","2.910","2.893","-0.03%"
"2016年3月14日","2.894","2.900","2.905","2.880","-0.52%"
"2016年3月11日","2.909","2.950","2.950","2.909","-0.99%"
"2016年3月10日","2.938","2.950","2.950","2.930","-0.41%"
"2016年3月9日","2.950","2.953","2.963","2.946","-0.03%"
"2016年3月8日","2.951","2.943","2.953","2.918","0.51%"
"2016年3月7日","2.936","2.950","2.950","2.923","0.10%"
"2016年3月4日","2.933","2.930","2.938","2.923","0.00%"
"2016年3月3日","2.933","2.910","2.933","2.900","1.00%"
"2016年3月2日","2.904","2.918","2.920","2.897","-0.21%"
"2016年3月1日","2.910","2.905","2.913","2.900","0.03%"
"2016年2月29日","2.909","2.910","2.930","2.888","-0.34%"
"2016年2月26日","2.919","2.907","2.922","2.900","0.59%"
"2016年2月25日","2.902","2.893","2.903","2.890","0.31%"
"2016年2月24日","2.893","2.897","2.900","2.881","0.24%"
"2016年2月23日","2.886","2.867","2.887","2.867","0.77%"
"2016年2月22日","2.864","2.950","2.950","2.863","-0.24%"
"2016年2月19日","2.871","2.880","2.880","2.863","0.00%"
"2016年2月18日","2.871","2.893","2.893","2.864","0.00%"
"2016年2月17日","2.871","2.883","2.897","2.866","-0.03%"
"2016年2月16日","2.872","2.860","2.874","2.858","0.70%"
"2016年2月15日","2.852","2.890","2.890","2.847","-1.01%"
"2016年2月14日","2.881","2.870","2.885","2.870","-0.17%"
"2016年2月6日","2.886","2.886","2.886","2.886","-0.21%"
"2016年2月5日","2.892","2.933","2.933","2.891","-0.89%"
"2016年2月4日","2.918","2.912","2.920","2.905","0.34%"
"2016年2月3日","2.908","2.893","2.913","2.888","1.08%"
"2016年2月2日","2.877","2.888","2.888","2.867","0.24%"
"2016年2月1日","2.870","2.920","2.920","2.830","-1.34%"
"2016年1月29日","2.909","2.940","2.940","2.903","-0.58%"
"2016年1月28日","2.926","2.907","2.928","2.897","1.04%"
"2016年1月27日","2.896","2.897","2.913","2.889","0.94%"
"2016年1月26日","2.869","2.829","2.874","2.812","1.88%"
"2016年1月25日","2.816","2.900","2.900","2.814","-0.04%"
"2016年1月22日","2.817","2.818","2.819","2.795","-0.14%"
"2016年1月21日","2.821","2.821","2.827","2.803","0.18%"
"2016年1月20日","2.816","2.809","2.827","2.801","0.36%"
"2016年1月19日","2.806","2.791","2.806","2.787","0.83%"
"2016年1月18日","2.783","2.780","2.787","2.765","-0.18%"
"2016年1月15日","2.788","2.760","2.789","2.760","1.01%"
"2016年1月14日","2.760","2.830","2.830","2.754","-2.09%"
"2016年1月13日","2.819","2.860","2.860","2.818","-0.98%"
"2016年1月12日","2.847","2.867","2.870","2.840","-0.70%"
"2016年1月11日","2.867","2.880","2.880","2.865","-0.55%"
"2016年1月10日","2.883","2.883","2.883","2.883","0.00%"
"2016年1月8日","2.883","2.917","2.917","2.880","-1.20%"
"2016年1月7日","2.918","2.913","2.927","2.913","-0.03%"
"2016年1月6日","2.919","2.920","2.924","2.915","0.31%"
"2016年1月5日","2.910","2.887","2.920","2.887","1.68%"
"2016年1月4日","2.862","2.850","2.915","2.850","0.00%"
"2015年12月31日","2.862","2.857","2.867","2.857","0.70%"
"2015年12月30日","2.842","2.843","2.850","2.840","0.32%"
"2015年12月29日","2.833","2.843","2.843","2.828","-0.25%"
"2015年12月28日","2.840","2.850","2.875","2.840","0.28%"
"2015年12月25日","2.832","2.877","2.877","2.831","-1.36%"
"2015年12月24日","2.871","2.883","2.887","2.860","-0.62%"
"2015年12月23日","2.889","2.907","2.907","2.889","-0.79%"
"2015年12月22日","2.912","2.973","2.973","2.897","-1.72%"
"2015年12月21日","2.963","2.980","2.990","2.950","-1.56%"
"2015年12月18日","3.010","3.037","3.037","2.997","-0.46%"
"2015年12月17日","3.024","3.055","3.057","3.024","-0.75%"
"2015年12月16日","3.047","3.070","3.070","3.047","-0.46%"
"2015年12月15日","3.061","3.033","3.061","3.033","1.06%"
"2015年12月14日","3.029","3.100","3.100","3.022","0.00%"
"2015年12月11日","3.029","3.032","3.043","3.023","0.07%"
"2015年12月10日","3.027","3.040","3.040","3.025","-0.26%"
"2015年12月9日","3.035","3.067","3.067","3.035","-0.78%"
"2015年12月8日","3.059","3.065","3.065","3.058","-0.07%"
"2015年12月7日","3.061","3.060","3.090","3.060","-0.20%"
"2015年12月4日","3.067","3.080","3.083","3.064","-0.36%"
"2015年12月3日","3.078","3.100","3.100","3.078","-0.10%"
"2015年12月2日","3.081","3.081","3.085","3.073","0.23%"
"2015年12月1日","3.074","3.088","3.093","3.073","-0.45%"
"2015年11月30日","3.088","3.090","3.120","3.085","0.00%"
"2015年11月27日","3.088","3.120","3.123","3.084","-0.90%"
"2015年11月26日","3.116","3.150","3.153","3.108","-0.76%"
"2015年11月25日","3.140","3.158","3.163","3.136","-0.60%"
"2015年11月24日","3.159","3.160","3.165","3.154","0.00%"
"2015年11月23日","3.159","3.200","3.200","3.157","-0.28%"
"2015年11月22日","3.168","3.168","3.168","3.168","0.00%"
"2015年11月20日","3.168","3.183","3.183","3.167","-0.19%"
"2015年11月19日","3.174","3.170","3.178","3.170","0.35%"
"2015年11月18日","3.163","3.170","3.177","3.161","-0.19%"
"2015年11月17日","3.169","3.165","3.170","3.162","0.25%"
"2015年11月16日","3.161","3.160","3.165","3.155","-1.06%"
"2015年11月13日","3.195","3.177","3.197","3.170","0.25%"
"2015年11月12日","3.187","3.218","3.218","3.168","-1.21%"
"2015年11月11日","3.226","3.250","3.250","3.226","-0.68%"
"2015年11月10日","3.248","3.167","3.257","3.167","2.82%"
"2015年11月9日","3.159","3.180","3.180","3.157","0.22%"
"2015年11月6日","3.152","3.173","3.173","3.150","-0.28%"
"2015年11月5日","3.161","3.138","3.173","3.133","1.48%"
"2015年11月4日","3.115","3.090","3.115","3.090","0.97%"
"2015年11月3日","3.085","3.100","3.100","3.084","-0.23%"
"2015年11月2日","3.092","3.100","3.103","3.091","0.16%"
"2015年10月30日","3.087","3.048","3.090","3.048","2.25%"
"2015年10月29日","3.019","3.017","3.023","3.017","0.27%"
"2015年10月28日","3.011","3.043","3.043","3.000","-0.92%"
"2015年10月27日","3.039","3.083","3.083","3.038","-1.11%"
"2015年10月26日","3.073","3.050","3.073","3.050","-0.23%"
"2015年10月23日","3.080","3.093","3.093","3.070","-0.29%"
"2015年10月22日","3.089","3.090","3.097","3.075","-0.03%"
"2015年10月21日","3.090","3.150","3.150","3.090","-1.72%"
"2015年10月20日","3.144","3.153","3.158","3.143","-0.19%"
"2015年10月19日","3.150","3.200","3.200","3.150","1.12%"
"2015年10月18日","3.115","3.115","3.115","3.115","0.00%"
"2015年10月16日","3.115","3.097","3.123","3.094","1.30%"
"2015年10月15日","3.075","3.130","3.130","3.074","-1.88%"
"2015年10月14日","3.134","3.177","3.177","3.100","-1.54%"
"2015年10月13日","3.183","3.198","3.198","3.177","-0.28%"
"2015年10月12日","3.192","3.200","3.200","3.187","0.38%"
"2015年10月10日","3.180","3.180","3.180","3.180","-2.54%"
"2015年10月9日","3.263","3.280","3.280","3.234","-0.03%"
"2015年10月8日","3.264","3.300","3.300","3.263","-0.37%"
"2015年10月3日","3.276","3.276","3.276","3.276","0.00%"
"2015年9月30日","3.276","3.320","3.320","3.272","-1.24%"
"2015年9月29日","3.317","3.347","3.347","3.308","-0.69%"
"2015年9月28日","3.340","3.380","3.380","3.337","-0.21%"
"2015年9月27日","3.347","3.347","3.347","3.347","0.00%"
"2015年9月25日","3.347","3.368","3.368","3.346","-0.48%"
"2015年9月24日","3.363","3.360","3.367","3.353","0.45%"
"2015年9月23日","3.348","3.360","3.360","3.346","-0.18%"
"2015年9月22日","3.354","3.347","3.354","3.343","0.33%"
"2015年9月21日","3.343","3.370","3.370","3.340","-0.24%"
"2015年9月18日","3.351","3.355","3.360","3.347","0.21%"
"2015年9月17日","3.344","3.357","3.357","3.337","0.09%"
"2015年9月16日","3.341","3.358","3.358","3.333","-0.54%"
"2015年9月15日","3.359","3.383","3.383","3.348","-0.06%"
"2015年9月14日","3.361","3.400","3.400","3.360","-0.36%"
"2015年9月11日","3.373","3.390","3.390","3.370","-0.09%"
"2015年9月10日","3.376","3.390","3.393","3.368","-0.38%"
"2015年9月9日","3.389","3.383","3.390","3.372","0.68%"
"2015年9月8日","3.366","3.363","3.389","3.363","0.36%"
"2015年9月7日","3.354","3.340","3.354","3.339","0.60%"
"2015年9月6日","3.334","3.334","3.334","3.334","0.03%"
"2015年9月5日","3.333","3.333","3.333","3.333","0.00%"
"2015年9月2日","3.333","3.360","3.360","3.330","-0.60%"
"2015年9月1日","3.353","3.407","3.407","3.342","-1.21%"
"2015年8月31日","3.394","3.430","3.430","3.378","-0.64%"
"2015年8月28日","3.416","3.437","3.443","3.406","-1.07%"
"2015年8月27日","3.453","3.497","3.497","3.444","-0.78%"
"2015年8月26日","3.480","3.493","3.493","3.467","-0.54%"
"2015年8月25日","3.499","3.513","3.513","3.492","-0.68%"
"2015年8月24日","3.523","3.570","3.570","3.512","-0.42%"
"2015年8月21日","3.538","3.560","3.560","3.533","-0.23%"
"2015年8月20日","3.546","3.560","3.560","3.543","0.34%"
"2015年8月19日","3.534","3.568","3.568","3.534","-0.39%"
"2015年8月18日","3.548","3.560","3.560","3.545","0.28%"
"2015年8月17日","3.538","3.545","3.550","3.537","-0.08%"
"2015年8月14日","3.541","3.573","3.573","3.532","-0.65%"
"2015年8月13日","3.564","3.557","3.567","3.555","0.17%"
"2015年8月12日","3.558","3.510","3.564","3.510","1.37%"
"2015年8月11日","3.510","3.505","3.514","3.493","0.66%"
"2015年8月10日","3.487","3.520","3.520","3.478","-0.09%"
"2015年8月7日","3.490","3.503","3.503","3.479","-0.29%"
"2015年8月6日","3.500","3.513","3.513","3.495","0.06%"
"2015年8月5日","3.498","3.507","3.507","3.496","0.03%"
"2015年8月4日","3.497","3.510","3.512","3.495","-0.20%"
"2015年8月3日","3.504","3.530","3.530","3.500","0.86%"
"2015年7月31日","3.474","3.463","3.480","3.460","0.49%"
"2015年7月30日","3.457","3.480","3.480","3.453","-0.29%"
"2015年7月29日","3.467","3.493","3.493","3.462","-0.49%"
"2015年7月28日","3.484","3.503","3.503","3.480","0.00%"
"2015年7月27日","3.484","3.500","3.505","3.480","-0.49%"
"2015年7月24日","3.501","3.548","3.548","3.500","-1.02%"
"2015年7月23日","3.537","3.547","3.557","3.521","-0.20%"
"2015年7月22日","3.544","3.543","3.547","3.533","0.43%"
"2015年7月21日","3.529","3.540","3.540","3.525","-0.25%"
"2015年7月20日","3.538","3.570","3.570","3.525","-0.23%"
"2015年7月18日","3.546","3.546","3.546","3.546","0.00%"
"2015年7月17日","3.546","3.583","3.583","3.544","-0.53%"
"2015年7月16日","3.565","3.568","3.580","3.553","0.11%"
"2015年7月15日","3.561","3.550","3.573","3.550","0.79%"
"2015年7月14日","3.533","3.527","3.548","3.523","1.17%"
"2015年7月13日","3.492","3.530","3.550","3.485","0.55%"
"2015年7月10日","3.473","3.475","3.480","3.472","0.29%"
"2015年7月9日","3.463","3.487","3.487","3.453","-0.26%"
"2015年7月8日","3.472","3.488","3.490","3.443","-1.11%"
"2015年7月7日","3.511","3.582","3.585","3.490","-2.20%"
"2015年7月6日","3.590","3.630","3.630","3.550","-1.48%"
"2015年7月3日","3.644","3.650","3.653","3.623","0.11%"
"2015年7月2日","3.640","3.630","3.640","3.629","0.36%"
"2015年7月1日","3.627","3.638","3.638","3.624","-0.06%"
"2015年6月30日","3.629","3.640","3.640","3.623","-0.14%"
"2015年6月29日","3.634","3.600","3.640","3.580","0.11%"
"2015年6月26日","3.630","3.645","3.645","3.623","-0.17%"
"2015年6月25日","3.636","3.643","3.643","3.623","0.14%"
"2015年6月24日","3.631","3.625","3.632","3.623","0.50%"
"2015年6月23日","3.613","3.620","3.640","3.610","0.44%"
"2015年6月19日","3.597","3.623","3.623","3.590","-0.80%"
"2015年6月18日","3.626","3.632","3.645","3.607","0.00%"
"2015年6月17日","3.626","3.670","3.670","3.621","-0.87%"
"2015年6月16日","3.658","3.665","3.676","3.645","0.00%"
"2015年6月15日","3.658","3.630","3.667","3.630","0.41%"
"2015年6月12日","3.643","3.638","3.649","3.623","0.66%"
"2015年6月11日","3.619","3.600","3.623","3.600","0.81%"
"2015年6月10日","3.590","3.593","3.600","3.586","0.00%"
"2015年6月9日","3.590","3.623","3.623","3.580","-0.50%"
"2015年6月8日","3.608","3.660","3.660","3.588","-0.11%"
"2015年6月7日","3.612","3.612","3.612","3.612","0.00%"
"2015年6月5日","3.612","3.640","3.640","3.607","-0.50%"
"2015年6月4日","3.630","3.630","3.640","3.614","0.28%"
"2015年6月3日","3.620","3.660","3.660","3.610","-1.31%"
"2015年6月2日","3.668","3.657","3.668","3.628","0.94%"
"2015年6月1日","3.634","3.650","3.650","3.623","1.20%"
"2015年5月30日","3.591","3.591","3.591","3.591","0.00%"
"2015年5月29日","3.591","3.578","3.608","3.558","1.18%"
"2015年5月28日","3.549","3.560","3.565","3.540","0.00%"
"2015年5月27日","3.549","3.495","3.550","3.485","2.22%"
"2015年5月26日","3.472","3.468","3.474","3.455","0.35%"
"2015年5月25日","3.460","3.520","3.520","3.445","0.23%"
"2015年5月22日","3.452","3.467","3.467","3.447","-0.23%"
"2015年5月21日","3.460","3.475","3.475","3.450","-0.09%"
"2015年5月20日","3.463","3.458","3.463","3.445","0.49%"
"2015年5月19日","3.446","3.435","3.449","3.427","0.67%"
"2015年5月18日","3.423","3.440","3.445","3.413","0.26%"
"2015年5月15日","3.414","3.440","3.443","3.414","-0.58%"
"2015年5月14日","3.434","3.435","3.437","3.423","0.09%"
"2015年5月13日","3.431","3.430","3.437","3.427","0.44%"
"2015年5月12日","3.416","3.435","3.447","3.415","-0.20%"
"2015年5月11日","3.423","3.400","3.454","3.400","-0.81%"
"2015年5月8日","3.451","3.490","3.490","3.433","-0.46%"
"2015年5月7日","3.467","3.458","3.493","3.445","1.14%"
"2015年5月6日","3.428","3.438","3.453","3.421","0.59%"
"2015年5月5日","3.408","3.403","3.427","3.390","0.47%"
"2015年5月4日","3.392","3.430","3.430","3.385","-0.88%"
"2015年4月30日","3.422","3.445","3.445","3.413","0.12%"
"2015年4月29日","3.418","3.458","3.458","3.416","-0.44%"
"2015年4月28日","3.433","3.470","3.470","3.427","-0.87%"
"2015年4月27日","3.463","3.550","3.550","3.460","0.20%"
"2015年4月24日","3.456","3.468","3.483","3.456","0.35%"
"2015年4月23日","3.444","3.468","3.470","3.442","0.15%"
"2015年4月22日","3.439","3.495","3.495","3.435","-1.29%"
"2015年4月21日","3.484","3.577","3.577","3.463","-2.65%"
"2015年4月20日","3.579","3.550","3.579","3.540","-0.08%"
"2015年4月17日","3.582","3.637","3.637","3.581","-0.89%"
"2015年4月16日","3.614","3.673","3.673","3.614","-1.18%"
"2015年4月15日","3.657","3.688","3.688","3.637","-0.79%"
"2015年4月14日","3.686","3.720","3.720","3.677","-0.54%"
"2015年4月13日","3.706","3.730","3.750","3.705","-0.40%"
"2015年4月10日","3.721","3.738","3.738","3.721","0.43%"
"2015年4月9日","3.705","3.620","3.713","3.620","2.18%"
"2015年4月8日","3.626","3.620","3.655","3.610","0.69%"
"2015年4月7日","3.601","3.650","3.650","3.570","0.31%"
"2015年4月6日","3.590","3.590","3.590","3.590","0.36%"
"2015年4月3日","3.577","3.625","3.625","3.571","-1.27%"
"2015年4月2日","3.623","3.673","3.673","3.617","-1.06%"
"2015年4月1日","3.662","3.620","3.669","3.620","1.08%"
"2015年3月31日","3.623","3.622","3.637","3.613","0.75%"
"2015年3月30日","3.596","3.650","3.650","3.588","0.95%"
"2015年3月27日","3.562","3.568","3.583","3.555","0.85%"
"2015年3月26日","3.532","3.530","3.548","3.518","0.63%"
"2015年3月25日","3.510","3.552","3.552","3.498","-0.23%"
"2015年3月24日","3.518","3.555","3.555","3.512","-0.11%"
"2015年3月23日","3.522","3.550","3.560","3.503","-0.68%"
"2015年3月20日","3.546","3.573","3.573","3.536","-0.45%"
"2015年3月19日","3.562","3.573","3.573","3.556","0.14%"
"2015年3月18日","3.557","3.558","3.560","3.540","0.65%"
"2015年3月17日","3.534","3.543","3.563","3.533","0.86%"
"2015年3月16日","3.504","3.550","3.550","3.490","0.95%"
"2015年3月13日","3.471","3.500","3.500","3.463","0.12%"
"2015年3月12日","3.467","3.535","3.535","3.460","-1.67%"
"2015年3月11日","3.526","3.518","3.530","3.513","0.26%"
"2015年3月10日","3.517","3.497","3.525","3.497","0.83%"
"2015年3月9日","3.488","3.530","3.530","3.485","0.52%"
"2015年3月7日","3.470","3.484","3.497","3.470","-0.40%"
"2015年3月6日","3.484","3.465","3.510","3.465","0.81%"
"2015年3月5日","3.456","3.445","3.463","3.445","0.61%"
"2015年3月4日","3.435","3.429","3.444","3.417","0.73%"
"2015年3月3日","3.410","3.396","3.429","3.396","0.83%"
"2015年3月2日","3.382","3.400","3.405","3.340","0.09%"
"2015年2月28日","3.379","3.375","3.395","3.375","0.12%"
"2015年2月27日","3.375","3.370","3.391","3.370","0.45%"
"2015年2月26日","3.360","3.377","3.377","3.355","0.27%"
"2015年2月25日","3.351","3.370","3.370","3.335","-0.21%"
"2015年2月19日","3.358","3.358","3.358","3.358","0.00%"
"2015年2月17日","3.358","3.387","3.387","3.358","-0.59%"
"2015年2月16日","3.378","3.390","3.390","3.378","-0.06%"
"2015年2月15日","3.380","3.380","3.380","3.380","-0.68%"
"2015年2月13日","3.403","3.414","3.416","3.401","-0.18%"
"2015年2月12日","3.409","3.443","3.443","3.408","-0.81%"
"2015年2月11日","3.437","3.450","3.453","3.427","-0.12%"
"2015年2月10日","3.441","3.465","3.465","3.439","-0.38%"
"2015年2月9日","3.454","3.470","3.470","3.420","0.38%"
"2015年2月6日","3.441","3.483","3.483","3.439","-0.86%"
"2015年2月5日","3.471","3.480","3.480","3.448","-0.12%"
"2015年2月4日","3.475","3.503","3.503","3.470","-0.29%"
"2015年2月3日","3.485","3.520","3.520","3.483","-0.46%"
"2015年2月2日","3.501","3.530","3.540","3.501","-0.37%"
"2015年2月1日","3.514","3.514","3.514","3.514","0.00%"
"2015年1月30日","3.514","3.524","3.525","3.507","0.40%"
"2015年1月29日","3.500","3.483","3.514","3.470","0.86%"
"2015年1月28日","3.470","3.473","3.483","3.463","0.23%"
"2015年1月27日","3.462","3.462","3.477","3.448","-0.17%"
"2015年1月26日","3.468","3.470","3.500","3.448","-0.12%"
"2015年1月23日","3.472","3.483","3.493","3.460","-0.34%"
"2015年1月22日","3.484","3.501","3.501","3.480","-0.20%"
"2015年1月21日","3.491","3.491","3.500","3.487","-0.26%"
"2015年1月20日","3.500","3.522","3.522","3.498","-0.65%"
"2015年1月19日","3.523","3.550","3.550","3.478","-1.12%"
"2015年1月16日","3.563","3.567","3.583","3.557","-0.20%"
"2015年1月15日","3.570","3.600","3.600","3.567","-0.67%"
"2015年1月14日","3.594","3.653","3.653","3.585","-1.67%"
"2015年1月13日","3.655","3.661","3.662","3.643","-0.11%"
"2015年1月12日","3.659","3.700","3.700","3.645","-0.05%"
"2015年1月9日","3.661","3.665","3.670","3.661","-0.05%"
"2015年1月8日","3.663","3.670","3.676","3.663","0.14%"
"2015年1月7日","3.658","3.673","3.673","3.655","0.11%"
"2015年1月6日","3.654","3.660","3.663","3.650","0.19%"
"2015年1月5日","3.647","3.657","3.660","3.647","-0.08%"
"2015年1月4日","3.650","3.650","3.650","3.650","0.05%"
"2015年1月1日","3.648","3.648","3.648","3.648","0.00%"